Matchday,Date,Time,Home Team,Away Team,Result,Status
1,21/10/2025,18:30,Oklahoma City Thunder,Houston Rockets,125 - 124,Final
1,21/10/2025,21:00,Los Angeles Lakers,Golden State Warriors,109 - 119,Final
1,22/10/2025,18:00,New York Knicks,Cleveland Cavaliers,119 - 111,Final
1,22/10/2025,18:00,Charlotte Hornets,Brooklyn Nets,136 - 117,Final
1,22/10/2025,18:00,Orlando Magic,Miami Heat,125 - 121,Final
1,22/10/2025,18:30,Atlanta Hawks,Toronto Raptors,118 - 138,Final
1,22/10/2025,18:30,Boston Celtics,Philadelphia 76ers,116 - 117,Final
1,22/10/2025,19:00,Chicago Bulls,Detroit Pistons,115 - 111,Final
1,22/10/2025,19:00,Memphis Grizzlies,New Orleans Pelicans,128 - 122,Final
1,22/10/2025,19:00,Milwaukee Bucks,Washington Wizards,133 - 120,Final
1,22/10/2025,20:00,Utah Jazz,LA Clippers,129 - 108,Final
1,22/10/2025,20:30,Dallas Mavericks,San Antonio Spurs,92 - 125,Final
1,22/10/2025,21:00,Phoenix Suns,Sacramento Kings,120 - 116,Final
1,22/10/2025,21:00,Portland Trail Blazers,Minnesota Timberwolves,114 - 118,Final
1,23/10/2025,18:30,Indiana Pacers,Oklahoma City Thunder,135 - 141,Final
1,23/10/2025,21:00,Golden State Warriors,Denver Nuggets,137 - 131,Final
1,24/10/2025,17:30,Toronto Raptors,Milwaukee Bucks,116 - 122,Final
1,24/10/2025,18:00,Orlando Magic,Atlanta Hawks,107 - 111,Final
1,24/10/2025,18:30,New York Knicks,Boston Celtics,105 - 95,Final
1,24/10/2025,18:30,Brooklyn Nets,Cleveland Cavaliers,124 - 131,Final
1,24/10/2025,19:00,Houston Rockets,Detroit Pistons,111 - 115,Final
1,24/10/2025,19:00,Memphis Grizzlies,Miami Heat,114 - 146,Final
1,24/10/2025,19:00,New Orleans Pelicans,San Antonio Spurs,116 - 120,Final
1,24/10/2025,19:30,Dallas Mavericks,Washington Wizards,107 - 117,Final
1,24/10/2025,21:00,Los Angeles Lakers,Minnesota Timberwolves,128 - 110,Final
1,24/10/2025,21:00,Portland Trail Blazers,Golden State Warriors,139 - 119,Final
1,24/10/2025,21:00,Sacramento Kings,Utah Jazz,105 - 104,Final
1,24/10/2025,21:30,LA Clippers,Phoenix Suns,129 - 102,Final
1,25/10/2025,18:00,Orlando Magic,Chicago Bulls,98 - 110,Final
1,25/10/2025,18:30,Atlanta Hawks,Oklahoma City Thunder,100 - 117,Final
1,25/10/2025,18:30,Philadelphia 76ers,Charlotte Hornets,125 - 121,Final
1,25/10/2025,19:00,Memphis Grizzlies,Indiana Pacers,128 - 103,Final
1,25/10/2025,20:00,Denver Nuggets,Phoenix Suns,133 - 111,Final
1,26/10/2025,13:00,San Antonio Spurs,Brooklyn Nets,118 - 107,Final
1,26/10/2025,14:30,Detroit Pistons,Boston Celtics,119 - 113,Final
1,26/10/2025,17:00,Cleveland Cavaliers,Milwaukee Bucks,118 - 113,Final
1,26/10/2025,17:00,Miami Heat,New York Knicks,115 - 107,Final
1,26/10/2025,17:00,Washington Wizards,Charlotte Hornets,113 - 139,Final
1,26/10/2025,18:00,Minnesota Timberwolves,Indiana Pacers,114 - 110,Final
1,26/10/2025,18:30,Dallas Mavericks,Toronto Raptors,139 - 129,Final
1,26/10/2025,20:00,LA Clippers,Portland Trail Blazers,114 - 107,Final
1,26/10/2025,20:00,Sacramento Kings,Los Angeles Lakers,120 - 127,Final
1,27/10/2025,18:00,Detroit Pistons,Cleveland Cavaliers,95 - 116,Final
1,27/10/2025,18:00,Philadelphia 76ers,Orlando Magic,136 - 124,Final
1,27/10/2025,19:00,Chicago Bulls,Atlanta Hawks,128 - 123,Final
1,27/10/2025,19:00,Houston Rockets,Brooklyn Nets,137 - 109,Final
1,27/10/2025,19:00,New Orleans Pelicans,Boston Celtics,90 - 122,Final
1,27/10/2025,19:00,San Antonio Spurs,Toronto Raptors,121 - 103,Final
1,27/10/2025,19:30,Dallas Mavericks,Oklahoma City Thunder,94 - 101,Final
1,27/10/2025,20:00,Utah Jazz,Phoenix Suns,138 - 134,Final
1,27/10/2025,20:30,Minnesota Timberwolves,Denver Nuggets,114 - 127,Final
1,27/10/2025,21:00,Golden State Warriors,Memphis Grizzlies,131 - 118,Final
1,27/10/2025,21:30,Los Angeles Lakers,Portland Trail Blazers,108 - 122,Final
2,28/10/2025,18:00,Washington Wizards,Philadelphia 76ers,134 - 139,Final
2,28/10/2025,18:30,Miami Heat,Charlotte Hornets,144 - 117,Final
2,28/10/2025,19:00,Milwaukee Bucks,New York Knicks,121 - 111,Final
2,28/10/2025,19:00,Oklahoma City Thunder,Sacramento Kings,107 - 101,Final
2,28/10/2025,22:00,Golden State Warriors,LA Clippers,98 - 79,Final
2,29/10/2025,17:30,Toronto Raptors,Houston Rockets,121 - 139,Final
2,29/10/2025,18:00,Boston Celtics,Cleveland Cavaliers,125 - 105,Final
2,29/10/2025,18:00,Detroit Pistons,Orlando Magic,135 - 116,Final
2,29/10/2025,18:30,Brooklyn Nets,Atlanta Hawks,112 - 117,Final
2,29/10/2025,19:00,Chicago Bulls,Sacramento Kings,126 - 113,Final
2,29/10/2025,19:30,Dallas Mavericks,Indiana Pacers,107 - 105,Final
2,29/10/2025,20:00,Denver Nuggets,New Orleans Pelicans,122 - 88,Final
2,29/10/2025,20:00,Utah Jazz,Portland Trail Blazers,134 - 136,Final
2,29/10/2025,20:30,Minnesota Timberwolves,Los Angeles Lakers,115 - 116,Final
2,29/10/2025,21:00,Phoenix Suns,Memphis Grizzlies,113 - 114,Final
2,30/10/2025,18:00,Charlotte Hornets,Orlando Magic,107 - 123,Final
2,30/10/2025,19:00,Milwaukee Bucks,Golden State Warriors,120 - 110,Final
2,30/10/2025,19:00,Oklahoma City Thunder,Washington Wizards,127 - 108,Final
2,30/10/2025,19:30,San Antonio Spurs,Miami Heat,107 - 101,Final
2,31/10/2025,18:00,Indiana Pacers,Atlanta Hawks,108 - 128,Final
2,31/10/2025,18:00,Philadelphia 76ers,Boston Celtics,108 - 109,Final
2,31/10/2025,18:30,Cleveland Cavaliers,Toronto Raptors,101 - 112,Final
2,31/10/2025,19:00,Chicago Bulls,New York Knicks,135 - 125,Final
2,31/10/2025,20:30,Memphis Grizzlies,Los Angeles Lakers,112 - 117,Final
2,31/10/2025,21:00,Phoenix Suns,Utah Jazz,118 - 96,Final
2,31/10/2025,21:00,Portland Trail Blazers,Denver Nuggets,109 - 107,Final
2,31/10/2025,21:30,LA Clippers,New Orleans Pelicans,126 - 124,Final
2,01/11/2025,16:00,Milwaukee Bucks,Sacramento Kings,133 - 135,Final
2,01/11/2025,17:00,Charlotte Hornets,Minnesota Timberwolves,105 - 122,Final
2,01/11/2025,18:00,Indiana Pacers,Golden State Warriors,114 - 109,Final
2,01/11/2025,18:00,Washington Wizards,Orlando Magic,94 - 125,Final
2,01/11/2025,19:00,Boston Celtics,Houston Rockets,101 - 128,Final
2,01/11/2025,21:00,Detroit Pistons,Dallas Mavericks,122 - 110,Final
2,02/11/2025,15:30,Oklahoma City Thunder,New Orleans Pelicans,137 - 106,Final
2,02/11/2025,18:00,Brooklyn Nets,Philadelphia 76ers,105 - 129,Final
2,02/11/2025,18:00,Charlotte Hornets,Utah Jazz,126 - 103,Final
2,02/11/2025,18:00,Cleveland Cavaliers,Atlanta Hawks,117 - 109,Final
2,02/11/2025,18:00,Toronto Raptors,Memphis Grizzlies,117 - 104,Final
2,02/11/2025,19:00,New York Knicks,Chicago Bulls,128 - 116,Final
2,02/11/2025,20:00,Phoenix Suns,San Antonio Spurs,130 - 118,Final
2,02/11/2025,21:30,Los Angeles Lakers,Miami Heat,130 - 120,Final
2,03/11/2025,19:00,Brooklyn Nets,Minnesota Timberwolves,109 - 125,Final
2,03/11/2025,19:00,Indiana Pacers,Milwaukee Bucks,115 - 117,Final
2,03/11/2025,19:30,Boston Celtics,Utah Jazz,103 - 105,Final
2,03/11/2025,19:30,New York Knicks,Washington Wizards,119 - 102,Final
2,03/11/2025,20:00,Houston Rockets,Dallas Mavericks,110 - 102,Final
2,03/11/2025,20:00,Memphis Grizzlies,Detroit Pistons,106 - 114,Final
2,03/11/2025,21:00,Denver Nuggets,Sacramento Kings,130 - 124,Final
2,03/11/2025,22:00,Portland Trail Blazers,Los Angeles Lakers,115 - 123,Final
2,03/11/2025,22:30,LA Clippers,Miami Heat,119 - 120,Final
3,04/11/2025,19:30,Toronto Raptors,Milwaukee Bucks,128 - 100,Final
3,04/11/2025,20:00,Atlanta Hawks,Orlando Magic,127 - 112,Final
3,04/11/2025,20:00,Chicago Bulls,Philadelphia 76ers,113 - 111,Final
3,04/11/2025,20:00,New Orleans Pelicans,Charlotte Hornets,116 - 112,Final
3,04/11/2025,22:00,Golden State Warriors,Phoenix Suns,118 - 107,Final
3,04/11/2025,23:00,LA Clippers,Oklahoma City Thunder,107 - 126,Final
3,05/11/2025,19:00,Cleveland Cavaliers,Philadelphia 76ers,132 - 121,Final
3,05/11/2025,19:00,Detroit Pistons,Utah Jazz,114 - 103,Final
3,05/11/2025,19:00,Indiana Pacers,Brooklyn Nets,103 - 112,Final
3,05/11/2025,19:30,Boston Celtics,Washington Wizards,136 - 107,Final
3,05/11/2025,19:30,New York Knicks,Minnesota Timberwolves,137 - 114,Final
3,05/11/2025,20:00,Memphis Grizzlies,Houston Rockets,109 - 124,Final
3,05/11/2025,20:30,Dallas Mavericks,New Orleans Pelicans,99 - 101,Final
3,05/11/2025,21:00,Denver Nuggets,Miami Heat,122 - 112,Final
3,05/11/2025,22:00,Los Angeles Lakers,San Antonio Spurs,118 - 116,Final
3,05/11/2025,22:00,Portland Trail Blazers,Oklahoma City Thunder,121 - 119,Final
3,05/11/2025,22:00,Sacramento Kings,Golden State Warriors,121 - 116,Final
3,06/11/2025,21:00,Phoenix Suns,LA Clippers,115 - 102,Final
3,07/11/2025,19:00,Orlando Magic,Boston Celtics,123 - 110,Final
3,07/11/2025,19:00,Washington Wizards,Cleveland Cavaliers,114 - 148,Final
3,07/11/2025,19:30,Atlanta Hawks,Toronto Raptors,97 - 109,Final
3,07/11/2025,19:30,Brooklyn Nets,Detroit Pistons,107 - 125,Final
3,07/11/2025,19:30,San Antonio Spurs,Houston Rockets,121 - 110,Final
3,07/11/2025,20:00,Miami Heat,Charlotte Hornets,126 - 108,Final
3,07/11/2025,20:00,Memphis Grizzlies,Dallas Mavericks,118 - 104,Final
3,07/11/2025,20:00,Milwaukee Bucks,Chicago Bulls,126 - 110,Final
3,07/11/2025,20:00,Minnesota Timberwolves,Utah Jazz,137 - 97,Final
3,07/11/2025,22:00,Denver Nuggets,Golden State Warriors,129 - 104,Final
3,07/11/2025,22:00,Sacramento Kings,Oklahoma City Thunder,101 - 132,Final
3,08/11/2025,19:00,Washington Wizards,Dallas Mavericks,105 - 111,Final
3,08/11/2025,19:30,Philadelphia 76ers,Toronto Raptors,130 - 120,Final
3,08/11/2025,20:00,Atlanta Hawks,Los Angeles Lakers,122 - 102,Final
3,08/11/2025,20:00,Cleveland Cavaliers,Chicago Bulls,128 - 122,Final
3,08/11/2025,20:00,Miami Heat,Portland Trail Blazers,136 - 131,Final
3,08/11/2025,20:00,San Antonio Spurs,New Orleans Pelicans,126 - 119,Final
3,08/11/2025,21:00,Denver Nuggets,Indiana Pacers,117 - 100,Final
3,08/11/2025,22:30,LA Clippers,Phoenix Suns,103 - 114,Final
3,09/11/2025,15:30,Milwaukee Bucks,Houston Rockets,115 - 122,Final
3,09/11/2025,18:00,New York Knicks,Brooklyn Nets,134 - 98,Final
3,09/11/2025,18:00,Orlando Magic,Boston Celtics,107 - 111,Final
3,09/11/2025,18:00,Memphis Grizzlies,Oklahoma City Thunder,100 - 114,Final
3,09/11/2025,19:30,Philadelphia 76ers,Detroit Pistons,108 - 111,Final
3,09/11/2025,20:30,Golden State Warriors,Indiana Pacers,114 - 83,Final
3,09/11/2025,21:00,Sacramento Kings,Minnesota Timberwolves,117 - 144,Final
3,10/11/2025,19:00,Charlotte Hornets,Los Angeles Lakers,111 - 121,Final
3,10/11/2025,19:00,Detroit Pistons,Washington Wizards,137 - 135,Final
3,10/11/2025,19:00,Orlando Magic,Portland Trail Blazers,115 - 112,Final
3,10/11/2025,19:30,Miami Heat,Cleveland Cavaliers,140 - 138,Final
3,10/11/2025,20:00,Chicago Bulls,San Antonio Spurs,117 - 121,Final
3,10/11/2025,20:30,Dallas Mavericks,Milwaukee Bucks,114 - 116,Final
3,10/11/2025,21:00,Phoenix Suns,New Orleans Pelicans,121 - 98,Final
3,10/11/2025,21:00,Utah Jazz,Minnesota Timberwolves,113 - 120,Final
3,10/11/2025,22:30,LA Clippers,Atlanta Hawks,102 - 105,Final
4,11/11/2025,19:30,Brooklyn Nets,Toronto Raptors,109 - 119,Final
4,11/11/2025,19:30,New York Knicks,Memphis Grizzlies,133 - 120,Final
4,11/11/2025,20:00,Philadelphia 76ers,Boston Celtics,102 - 100,Final
4,11/11/2025,20:00,Oklahoma City Thunder,Golden State Warriors,126 - 102,Final
4,11/11/2025,21:00,Utah Jazz,Indiana Pacers,152 - 128,Final
4,11/11/2025,23:00,Sacramento Kings,Denver Nuggets,108 - 122,Final
4,12/11/2025,19:00,Charlotte Hornets,Milwaukee Bucks,111 - 100,Final
4,12/11/2025,19:00,Detroit Pistons,Chicago Bulls,124 - 113,Final
4,12/11/2025,19:00,New York Knicks,Orlando Magic,107 - 124,Final
4,12/11/2025,19:30,Boston Celtics,Memphis Grizzlies,131 - 95,Final
4,12/11/2025,19:30,Miami Heat,Cleveland Cavaliers,116 - 130,Final
4,12/11/2025,20:00,Houston Rockets,Washington Wizards,135 - 112,Final
4,12/11/2025,20:00,New Orleans Pelicans,Portland Trail Blazers,117 - 125,Final
4,12/11/2025,20:00,San Antonio Spurs,Golden State Warriors,120 - 125,Final
4,12/11/2025,20:30,Dallas Mavericks,Phoenix Suns,114 - 123,Final
4,12/11/2025,21:30,Oklahoma City Thunder,Los Angeles Lakers,121 - 92,Final
4,12/11/2025,22:00,Sacramento Kings,Atlanta Hawks,100 - 133,Final
4,12/11/2025,22:30,LA Clippers,Denver Nuggets,116 - 130,Final
4,13/11/2025,19:00,Cleveland Cavaliers,Toronto Raptors,113 - 126,Final
4,13/11/2025,21:00,Phoenix Suns,Indiana Pacers,133 - 98,Final
4,13/11/2025,21:00,Utah Jazz,Atlanta Hawks,122 - 132,Final
4,14/11/2025,19:00,New York Knicks,Miami Heat,140 - 132,Final
4,14/11/2025,19:00,Orlando Magic,Brooklyn Nets,105 - 98,Final
4,14/11/2025,19:30,Detroit Pistons,Philadelphia 76ers,114 - 105,Final
4,14/11/2025,20:00,Houston Rockets,Portland Trail Blazers,140 - 116,Final
4,14/11/2025,20:00,Milwaukee Bucks,Charlotte Hornets,147 - 134,Final
4,14/11/2025,20:00,Minnesota Timberwolves,Sacramento Kings,124 - 110,Final
4,14/11/2025,20:00,New Orleans Pelicans,Los Angeles Lakers,104 - 118,Final
4,14/11/2025,20:30,Dallas Mavericks,LA Clippers,127 - 133,Final
4,14/11/2025,21:30,San Antonio Spurs,Golden State Warriors,108 - 109,Final
4,15/11/2025,17:00,Cleveland Cavaliers,Memphis Grizzlies,108 - 100,Final
4,15/11/2025,19:00,Charlotte Hornets,Oklahoma City Thunder,96 - 109,Final
4,15/11/2025,19:00,Indiana Pacers,Toronto Raptors,111 - 129,Final
4,15/11/2025,20:00,Milwaukee Bucks,Los Angeles Lakers,95 - 119,Final
4,15/11/2025,20:00,Minnesota Timberwolves,Denver Nuggets,112 - 123,Final
4,16/11/2025,15:30,Boston Celtics,LA Clippers,121 - 118,Final
4,16/11/2025,16:00,San Antonio Spurs,Sacramento Kings,123 - 110,Final
4,16/11/2025,18:00,Washington Wizards,Brooklyn Nets,106 - 129,Final
4,16/11/2025,19:00,Houston Rockets,Orlando Magic,117 - 113,Final
4,16/11/2025,19:00,New Orleans Pelicans,Golden State Warriors,106 - 124,Final
4,16/11/2025,19:30,Dallas Mavericks,Portland Trail Blazers,138 - 133,Final
4,16/11/2025,20:00,Phoenix Suns,Atlanta Hawks,122 - 124,Final
4,16/11/2025,20:00,Utah Jazz,Chicago Bulls,150 - 147,Final
4,17/11/2025,19:00,Cleveland Cavaliers,Milwaukee Bucks,118 - 106,Final
4,17/11/2025,19:00,Detroit Pistons,Indiana Pacers,127 - 112,Final
4,17/11/2025,19:00,Philadelphia 76ers,LA Clippers,110 - 108,Final
4,17/11/2025,19:30,Miami Heat,New York Knicks,115 - 113,Final
4,17/11/2025,19:30,Toronto Raptors,Charlotte Hornets,110 - 108,Final
4,17/11/2025,20:00,Minnesota Timberwolves,Dallas Mavericks,120 - 96,Final
4,17/11/2025,20:00,New Orleans Pelicans,Oklahoma City Thunder,109 - 126,Final
4,17/11/2025,21:00,Denver Nuggets,Chicago Bulls,127 - 130,Final
5,18/11/2025,19:00,Orlando Magic,Golden State Warriors,121 - 113,Final
5,18/11/2025,19:30,Brooklyn Nets,Boston Celtics,99 - 113,Final
5,18/11/2025,19:30,Atlanta Hawks,Detroit Pistons,112 - 120,Final
5,18/11/2025,20:00,San Antonio Spurs,Memphis Grizzlies,111 - 101,Final
5,18/11/2025,22:30,Los Angeles Lakers,Utah Jazz,140 - 126,Final
5,18/11/2025,23:00,Portland Trail Blazers,Phoenix Suns,110 - 127,Final
5,19/11/2025,19:00,Cleveland Cavaliers,Houston Rockets,104 - 114,Final
5,19/11/2025,19:00,Indiana Pacers,Charlotte Hornets,127 - 118,Final
5,19/11/2025,19:00,Philadelphia 76ers,Toronto Raptors,112 - 121,Final
5,19/11/2025,19:30,Miami Heat,Golden State Warriors,110 - 96,Final
5,19/11/2025,20:00,Minnesota Timberwolves,Washington Wizards,120 - 109,Final
5,19/11/2025,20:00,New Orleans Pelicans,Denver Nuggets,118 - 125,Final
5,19/11/2025,20:00,Oklahoma City Thunder,Sacramento Kings,113 - 99,Final
5,19/11/2025,21:30,Dallas Mavericks,New York Knicks,111 - 113,Final
5,19/11/2025,22:00,Portland Trail Blazers,Chicago Bulls,121 - 122,Final
5,20/11/2025,19:00,Orlando Magic,LA Clippers,129 - 101,Final
5,20/11/2025,20:00,Memphis Grizzlies,Sacramento Kings,137 - 96,Final
5,20/11/2025,20:00,Milwaukee Bucks,Philadelphia 76ers,114 - 123,Final
5,20/11/2025,20:00,San Antonio Spurs,Atlanta Hawks,135 - 126,Final
5,21/11/2025,19:00,Cleveland Cavaliers,Indiana Pacers,120 - 109,Final
5,21/11/2025,19:30,Boston Celtics,Brooklyn Nets,105 - 113,Final
5,21/11/2025,19:30,Toronto Raptors,Washington Wizards,140 - 110,Final
5,21/11/2025,20:00,Chicago Bulls,Miami Heat,107 - 143,Final
5,21/11/2025,20:30,Dallas Mavericks,New Orleans Pelicans,118 - 115,Final
5,21/11/2025,21:00,Phoenix Suns,Minnesota Timberwolves,114 - 113,Final
5,21/11/2025,21:30,Houston Rockets,Denver Nuggets,109 - 112,Final
5,21/11/2025,22:00,Utah Jazz,Oklahoma City Thunder,112 - 144,Final
5,21/11/2025,22:00,Golden State Warriors,Portland Trail Blazers,123 - 127,Final
5,22/11/2025,13:00,Charlotte Hornets,LA Clippers,116 - 131,Final
5,22/11/2025,17:00,Orlando Magic,New York Knicks,133 - 121,Final
5,22/11/2025,19:00,New Orleans Pelicans,Atlanta Hawks,98 - 115,Final
5,22/11/2025,20:00,Chicago Bulls,Washington Wizards,121 - 120,Final
5,22/11/2025,20:00,Milwaukee Bucks,Detroit Pistons,116 - 129,Final
5,22/11/2025,20:30,Dallas Mavericks,Memphis Grizzlies,96 - 102,Final
5,22/11/2025,22:00,Denver Nuggets,Sacramento Kings,123 - 128,Final
5,23/11/2025,13:00,Philadelphia 76ers,Miami Heat,117 - 127,Final
5,23/11/2025,18:00,Atlanta Hawks,Charlotte Hornets,113 - 110,Final
5,23/11/2025,18:00,Boston Celtics,Orlando Magic,138 - 129,Final
5,23/11/2025,18:00,Cleveland Cavaliers,LA Clippers,120 - 105,Final
5,23/11/2025,18:00,Toronto Raptors,Brooklyn Nets,119 - 109,Final
5,23/11/2025,19:00,Oklahoma City Thunder,Portland Trail Blazers,122 - 95,Final
5,23/11/2025,20:00,Phoenix Suns,San Antonio Spurs,111 - 102,Final
5,23/11/2025,20:00,Utah Jazz,Los Angeles Lakers,106 - 108,Final
5,24/11/2025,19:00,Indiana Pacers,Detroit Pistons,117 - 122,Final
5,24/11/2025,19:00,Toronto Raptors,Cleveland Cavaliers,110 - 99,Final
5,24/11/2025,19:30,Brooklyn Nets,New York Knicks,100 - 113,Final
5,24/11/2025,19:30,Miami Heat,Dallas Mavericks,106 - 102,Final
5,24/11/2025,20:00,Memphis Grizzlies,Denver Nuggets,115 - 125,Final
5,24/11/2025,20:00,Milwaukee Bucks,Portland Trail Blazers,103 - 115,Final
5,24/11/2025,20:00,New Orleans Pelicans,Chicago Bulls,143 - 130,Final
5,24/11/2025,21:30,Phoenix Suns,Houston Rockets,92 - 114,Final
5,24/11/2025,22:00,Golden State Warriors,Utah Jazz,134 - 117,Final
5,24/11/2025,22:00,Sacramento Kings,Minnesota Timberwolves,117 - 112,Final
6,25/11/2025,19:00,Washington Wizards,Atlanta Hawks,132 - 113,Final
6,25/11/2025,20:00,Philadelphia 76ers,Orlando Magic,103 - 144,Final
6,25/11/2025,23:00,Los Angeles Lakers,LA Clippers,135 - 118,Final
6,26/11/2025,17:00,Boston Celtics,Detroit Pistons,117 - 114,Final
6,26/11/2025,19:00,Charlotte Hornets,New York Knicks,101 - 129,Final
6,26/11/2025,19:30,Miami Heat,Milwaukee Bucks,106 - 103,Final
6,26/11/2025,19:30,Toronto Raptors,Indiana Pacers,97 - 95,Final
6,26/11/2025,19:30,Oklahoma City Thunder,Minnesota Timberwolves,113 - 105,Final
6,26/11/2025,20:00,New Orleans Pelicans,Memphis Grizzlies,128 - 133,Final
6,26/11/2025,22:00,Golden State Warriors,Houston Rockets,100 - 104,Final
6,26/11/2025,22:00,Portland Trail Blazers,San Antonio Spurs,102 - 115,Final
6,26/11/2025,22:00,Sacramento Kings,Phoenix Suns,100 - 112,Final
6,28/11/2025,19:30,Atlanta Hawks,Cleveland Cavaliers,130 - 123,Final
6,28/11/2025,19:30,Brooklyn Nets,Philadelphia 76ers,103 - 115,Final
6,28/11/2025,19:30,Charlotte Hornets,Chicago Bulls,123 - 116,Final
6,28/11/2025,19:30,Detroit Pistons,Orlando Magic,109 - 112,Final
6,28/11/2025,19:30,Indiana Pacers,Washington Wizards,119 - 86,Final
6,28/11/2025,19:30,New York Knicks,Milwaukee Bucks,118 - 109,Final
6,28/11/2025,21:30,Oklahoma City Thunder,Phoenix Suns,123 - 119,Final
6,28/11/2025,21:30,Denver Nuggets,San Antonio Spurs,136 - 139,Final
6,28/11/2025,21:30,Utah Jazz,Sacramento Kings,128 - 119,Final
6,28/11/2025,22:00,Los Angeles Lakers,Dallas Mavericks,129 - 119,Final
6,28/11/2025,22:00,LA Clippers,Memphis Grizzlies,107 - 112,Final
6,29/11/2025,17:00,Minnesota Timberwolves,Boston Celtics,119 - 115,Final
6,29/11/2025,18:00,Charlotte Hornets,Toronto Raptors,118 - 111,Final
6,29/11/2025,19:30,Indiana Pacers,Chicago Bulls,103 - 101,Final
6,29/11/2025,20:00,Miami Heat,Detroit Pistons,135 - 138,Final
6,29/11/2025,20:00,Milwaukee Bucks,Brooklyn Nets,116 - 99,Final
6,29/11/2025,20:30,Golden State Warriors,New Orleans Pelicans,104 - 96,Final
6,29/11/2025,21:00,Phoenix Suns,Denver Nuggets,112 - 130,Final
6,29/11/2025,22:00,LA Clippers,Dallas Mavericks,110 - 114,Final
6,30/11/2025,15:00,Utah Jazz,Houston Rockets,101 - 129,Final
6,30/11/2025,18:00,Cleveland Cavaliers,Boston Celtics,115 - 117,Final
6,30/11/2025,18:00,New York Knicks,Toronto Raptors,116 - 94,Final
6,30/11/2025,18:00,Philadelphia 76ers,Atlanta Hawks,134 - 142,Final
6,30/11/2025,18:00,Portland Trail Blazers,Oklahoma City Thunder,115 - 123,Final
6,30/11/2025,19:00,Minnesota Timberwolves,San Antonio Spurs,125 - 112,Final
6,30/11/2025,21:00,Sacramento Kings,Memphis Grizzlies,107 - 115,Final
6,30/11/2025,21:30,Los Angeles Lakers,New Orleans Pelicans,133 - 121,Final
6,01/12/2025,19:00,Detroit Pistons,Atlanta Hawks,99 - 98,Final
6,01/12/2025,19:00,Indiana Pacers,Cleveland Cavaliers,119 - 135,Final
6,01/12/2025,19:00,Washington Wizards,Milwaukee Bucks,129 - 126,Final
6,01/12/2025,19:30,Brooklyn Nets,Charlotte Hornets,116 - 103,Final
6,01/12/2025,19:30,Miami Heat,LA Clippers,140 - 123,Final
6,01/12/2025,19:30,Orlando Magic,Chicago Bulls,125 - 120,Final
6,01/12/2025,21:00,Denver Nuggets,Dallas Mavericks,121 - 131,Final
6,01/12/2025,21:00,Utah Jazz,Houston Rockets,133 - 125,Final
6,01/12/2025,22:00,Los Angeles Lakers,Phoenix Suns,108 - 125,Final
7,02/12/2025,19:00,Philadelphia 76ers,Washington Wizards,121 - 102,Final
7,02/12/2025,19:30,Toronto Raptors,Portland Trail Blazers,121 - 118,Final
7,02/12/2025,20:00,Boston Celtics,New York Knicks,123 - 117,Final
7,02/12/2025,20:00,New Orleans Pelicans,Minnesota Timberwolves,142 - 149,Final
7,02/12/2025,20:00,San Antonio Spurs,Memphis Grizzlies,126 - 119,Final
7,02/12/2025,23:00,Golden State Warriors,Oklahoma City Thunder,112 - 124,Final
7,03/12/2025,19:00,Cleveland Cavaliers,Portland Trail Blazers,110 - 122,Final
7,03/12/2025,19:00,Indiana Pacers,Denver Nuggets,120 - 135,Final
7,03/12/2025,19:00,Orlando Magic,San Antonio Spurs,112 - 114,Final
7,03/12/2025,19:30,Atlanta Hawks,LA Clippers,92 - 115,Final
7,03/12/2025,19:30,New York Knicks,Charlotte Hornets,119 - 104,Final
7,03/12/2025,20:00,Chicago Bulls,Brooklyn Nets,103 - 113,Final
7,03/12/2025,20:00,Houston Rockets,Sacramento Kings,121 - 95,Final
7,03/12/2025,20:00,Milwaukee Bucks,Detroit Pistons,113 - 109,Final
7,03/12/2025,20:30,Dallas Mavericks,Miami Heat,118 - 108,Final
7,04/12/2025,19:00,Philadelphia 76ers,Golden State Warriors,99 - 98,Final
7,04/12/2025,19:00,Washington Wizards,Boston Celtics,101 - 146,Final
7,04/12/2025,19:30,Brooklyn Nets,Utah Jazz,110 - 123,Final
7,04/12/2025,19:30,Toronto Raptors,Los Angeles Lakers,120 - 123,Final
7,04/12/2025,20:00,New Orleans Pelicans,Minnesota Timberwolves,116 - 125,Final
7,05/12/2025,19:00,Boston Celtics,Los Angeles Lakers,126 - 105,Final
7,05/12/2025,19:00,Orlando Magic,Miami Heat,106 - 105,Final
7,05/12/2025,19:30,Atlanta Hawks,Denver Nuggets,133 - 134,Final
7,05/12/2025,19:30,Cleveland Cavaliers,San Antonio Spurs,130 - 117,Final
7,05/12/2025,19:30,Detroit Pistons,Portland Trail Blazers,122 - 116,Final
7,05/12/2025,19:30,New York Knicks,Utah Jazz,146 - 112,Final
7,05/12/2025,19:30,Toronto Raptors,Charlotte Hornets,86 - 111,Final
7,05/12/2025,20:00,Chicago Bulls,Indiana Pacers,105 - 120,Final
7,05/12/2025,20:00,Houston Rockets,Phoenix Suns,117 - 98,Final
7,05/12/2025,20:00,Memphis Grizzlies,LA Clippers,107 - 98,Final
7,05/12/2025,20:00,Milwaukee Bucks,Philadelphia 76ers,101 - 116,Final
7,05/12/2025,21:30,Oklahoma City Thunder,Dallas Mavericks,132 - 111,Final
7,06/12/2025,17:00,Brooklyn Nets,New Orleans Pelicans,119 - 101,Final
7,06/12/2025,19:00,Washington Wizards,Atlanta Hawks,116 - 131,Final
7,06/12/2025,19:30,Cleveland Cavaliers,Golden State Warriors,94 - 99,Final
7,06/12/2025,19:30,Detroit Pistons,Milwaukee Bucks,124 - 112,Final
7,06/12/2025,20:00,Miami Heat,Sacramento Kings,111 - 127,Final
7,06/12/2025,20:00,Minnesota Timberwolves,LA Clippers,109 - 106,Final
7,06/12/2025,20:30,Dallas Mavericks,Houston Rockets,122 - 109,Final
7,07/12/2025,12:00,New York Knicks,Orlando Magic,106 - 100,Final
7,07/12/2025,15:30,Toronto Raptors,Boston Celtics,113 - 121,Final
7,07/12/2025,18:00,Charlotte Hornets,Denver Nuggets,106 - 115,Final
7,07/12/2025,18:00,Memphis Grizzlies,Portland Trail Blazers,119 - 96,Final
7,07/12/2025,19:00,Chicago Bulls,Golden State Warriors,91 - 123,Final
7,07/12/2025,19:30,Philadelphia 76ers,Los Angeles Lakers,108 - 112,Final
7,07/12/2025,20:00,Utah Jazz,Oklahoma City Thunder,101 - 131,Final
7,08/12/2025,19:00,Indiana Pacers,Sacramento Kings,116 - 105,Final
7,08/12/2025,19:30,Minnesota Timberwolves,Phoenix Suns,105 - 108,Final
7,08/12/2025,20:00,New Orleans Pelicans,San Antonio Spurs,132 - 135,Final
7,09/12/2025,18:00,Orlando Magic,Miami Heat,117 - 108,Final
7,09/12/2025,20:30,Toronto Raptors,New York Knicks,101 - 117,Final
7,10/12/2025,19:30,Oklahoma City Thunder,Phoenix Suns,138 - 89,Final
7,10/12/2025,22:00,Los Angeles Lakers,San Antonio Spurs,119 - 132,Final
7,11/12/2025,20:00,Houston Rockets,LA Clippers,115 - 113,Final
7,11/12/2025,20:00,Milwaukee Bucks,Boston Celtics,116 - 101,Final
7,11/12/2025,20:00,New Orleans Pelicans,Portland Trail Blazers,143 - 120,Final
7,11/12/2025,22:00,Sacramento Kings,Denver Nuggets,105 - 136,Final
7,12/12/2025,19:00,Charlotte Hornets,Chicago Bulls,126 - 129,Final
7,12/12/2025,19:00,Detroit Pistons,Atlanta Hawks,142 - 115,Final
7,12/12/2025,19:00,Philadelphia 76ers,Indiana Pacers,115 - 105,Final
7,12/12/2025,19:00,Washington Wizards,Cleveland Cavaliers,126 - 130,Final
7,12/12/2025,20:00,Memphis Grizzlies,Utah Jazz,126 - 130,Final
7,12/12/2025,20:30,Dallas Mavericks,Brooklyn Nets,119 - 111,Final
7,12/12/2025,22:00,Golden State Warriors,Minnesota Timberwolves,120 - 127,Final
8,13/12/2025,17:30,Orlando Magic,New York Knicks,120 - 132,Final
8,13/12/2025,21:00,Oklahoma City Thunder,San Antonio Spurs,109 - 111,Final
8,14/12/2025,15:00,Indiana Pacers,Washington Wizards,89 - 108,Final
8,14/12/2025,15:30,Cleveland Cavaliers,Charlotte Hornets,111 - 119,Final
8,14/12/2025,18:00,Atlanta Hawks,Philadelphia 76ers,120 - 117,Final
8,14/12/2025,18:00,Brooklyn Nets,Milwaukee Bucks,127 - 82,Final
8,14/12/2025,19:00,Minnesota Timberwolves,Sacramento Kings,117 - 103,Final
8,14/12/2025,19:00,Chicago Bulls,New Orleans Pelicans,104 - 114,Final
8,14/12/2025,20:00,Phoenix Suns,Los Angeles Lakers,114 - 116,Final
8,14/12/2025,21:00,Portland Trail Blazers,Golden State Warriors,136 - 131,Final
8,15/12/2025,19:00,Boston Celtics,Detroit Pistons,105 - 112,Final
8,15/12/2025,19:30,Miami Heat,Toronto Raptors,96 - 106,Final
8,15/12/2025,21:00,Utah Jazz,Dallas Mavericks,140 - 133,Final
8,15/12/2025,21:30,Denver Nuggets,Houston Rockets,128 - 125,Final
8,15/12/2025,22:30,LA Clippers,Memphis Grizzlies,103 - 121,Final
8,16/12/2025,20:30,New York Knicks,San Antonio Spurs,124 - 113,Final
8,17/12/2025,20:00,Chicago Bulls,Cleveland Cavaliers,127 - 111,Final
8,17/12/2025,20:00,Minnesota Timberwolves,Memphis Grizzlies,110 - 116,Final
8,18/12/2025,19:00,Charlotte Hornets,Atlanta Hawks,133 - 126,Final
8,18/12/2025,19:00,Indiana Pacers,New York Knicks,113 - 114,Final
8,18/12/2025,19:30,Brooklyn Nets,Miami Heat,95 - 106,Final
8,18/12/2025,20:00,Oklahoma City Thunder,LA Clippers,122 - 101,Final
8,18/12/2025,20:00,San Antonio Spurs,Washington Wizards,119 - 94,Final
8,18/12/2025,20:00,Milwaukee Bucks,Toronto Raptors,105 - 111,Final
8,18/12/2025,20:00,New Orleans Pelicans,Houston Rockets,133 - 128,Final
8,18/12/2025,20:30,Dallas Mavericks,Detroit Pistons,116 - 114,Final
8,18/12/2025,21:00,Denver Nuggets,Orlando Magic,126 - 115,Final
8,18/12/2025,21:00,Phoenix Suns,Golden State Warriors,99 - 98,Final
8,18/12/2025,21:00,Utah Jazz,Los Angeles Lakers,135 - 143,Final
8,18/12/2025,22:00,Portland Trail Blazers,Sacramento Kings,134 - 133,Final
8,19/12/2025,19:00,Boston Celtics,Miami Heat,129 - 116,Final
8,19/12/2025,19:00,New York Knicks,Philadelphia 76ers,107 - 116,Final
8,19/12/2025,19:30,Atlanta Hawks,San Antonio Spurs,98 - 126,Final
8,19/12/2025,19:30,Cleveland Cavaliers,Chicago Bulls,125 - 136,Final
8,19/12/2025,21:30,Minnesota Timberwolves,Oklahoma City Thunder,112 - 107,Final
8,20/12/2025,17:00,Denver Nuggets,Houston Rockets,101 - 115,Final
8,20/12/2025,19:00,Philadelphia 76ers,Dallas Mavericks,121 - 114,Final
8,20/12/2025,19:00,Toronto Raptors,Boston Celtics,96 - 112,Final
8,20/12/2025,19:00,New Orleans Pelicans,Indiana Pacers,128 - 109,Final
8,20/12/2025,19:30,Detroit Pistons,Charlotte Hornets,112 - 86,Final
8,20/12/2025,20:00,Memphis Grizzlies,Washington Wizards,122 - 130,Final
8,20/12/2025,20:30,Golden State Warriors,Phoenix Suns,119 - 116,Final
8,20/12/2025,21:30,Utah Jazz,Orlando Magic,127 - 128,Final
8,20/12/2025,22:00,Sacramento Kings,Portland Trail Blazers,93 - 98,Final
8,20/12/2025,22:30,LA Clippers,Los Angeles Lakers,103 - 88,Final
8,21/12/2025,15:30,Atlanta Hawks,Chicago Bulls,150 - 152,Final
8,21/12/2025,18:00,Brooklyn Nets,Toronto Raptors,96 - 81,Final
8,21/12/2025,18:00,New York Knicks,Miami Heat,132 - 125,Final
8,21/12/2025,19:00,Washington Wizards,San Antonio Spurs,113 - 124,Final
8,21/12/2025,19:00,Minnesota Timberwolves,Milwaukee Bucks,103 - 100,Final
8,21/12/2025,22:00,Sacramento Kings,Houston Rockets,125 - 124,Final
8,22/12/2025,19:00,Cleveland Cavaliers,Charlotte Hornets,139 - 132,Final
8,22/12/2025,19:30,Boston Celtics,Indiana Pacers,103 - 95,Final
8,22/12/2025,20:00,New Orleans Pelicans,Dallas Mavericks,119 - 113,Final
8,22/12/2025,21:00,Denver Nuggets,Utah Jazz,135 - 112,Final
8,22/12/2025,21:30,Oklahoma City Thunder,Memphis Grizzlies,119 - 103,Final
8,22/12/2025,22:00,Golden State Warriors,Orlando Magic,120 - 97,Final
8,22/12/2025,22:00,Portland Trail Blazers,Detroit Pistons,102 - 110,Final
8,23/12/2025,19:00,Charlotte Hornets,Washington Wizards,126 - 109,Final
8,23/12/2025,19:00,Philadelphia 76ers,Brooklyn Nets,106 - 114,Final
8,23/12/2025,19:30,Atlanta Hawks,Chicago Bulls,123 - 126,Final
8,23/12/2025,19:30,Cleveland Cavaliers,New Orleans Pelicans,141 - 118,Final
8,23/12/2025,19:30,Indiana Pacers,Milwaukee Bucks,94 - 111,Final
8,23/12/2025,19:30,Miami Heat,Toronto Raptors,91 - 112,Final
8,23/12/2025,20:00,Dallas Mavericks,Denver Nuggets,131 - 130,Final
8,23/12/2025,20:00,Minnesota Timberwolves,New York Knicks,115 - 104,Final
8,23/12/2025,20:30,San Antonio Spurs,Oklahoma City Thunder,130 - 110,Final
8,23/12/2025,21:00,Phoenix Suns,Los Angeles Lakers,132 - 108,Final
8,23/12/2025,21:00,Utah Jazz,Memphis Grizzlies,128 - 137,Final
8,23/12/2025,22:00,Portland Trail Blazers,Orlando Magic,106 - 110,Final
8,23/12/2025,22:00,Sacramento Kings,Detroit Pistons,127 - 136,Final
8,23/12/2025,22:30,LA Clippers,Houston Rockets,128 - 108,Final
9,25/12/2025,12:00,New York Knicks,Cleveland Cavaliers,126 - 124,Final
9,25/12/2025,14:30,Oklahoma City Thunder,San Antonio Spurs,102 - 117,Final
9,25/12/2025,17:00,Golden State Warriors,Dallas Mavericks,126 - 116,Final
9,25/12/2025,20:00,Los Angeles Lakers,Houston Rockets,96 - 119,Final
9,25/12/2025,22:30,Denver Nuggets,Minnesota Timberwolves,142 - 138,Final
9,26/12/2025,19:00,Atlanta Hawks,Miami Heat,111 - 126,Final
9,26/12/2025,19:00,Orlando Magic,Charlotte Hornets,105 - 120,Final
9,26/12/2025,19:00,Washington Wizards,Toronto Raptors,138 - 117,Final
9,26/12/2025,19:00,Indiana Pacers,Boston Celtics,122 - 140,Final
9,26/12/2025,19:30,Chicago Bulls,Philadelphia 76ers,109 - 102,Final
9,26/12/2025,20:00,Memphis Grizzlies,Milwaukee Bucks,125 - 104,Final
9,26/12/2025,20:00,New Orleans Pelicans,Phoenix Suns,108 - 115,Final
9,26/12/2025,21:30,Utah Jazz,Detroit Pistons,131 - 129,Final
9,26/12/2025,22:00,Portland Trail Blazers,LA Clippers,103 - 119,Final
9,27/12/2025,17:00,Sacramento Kings,Dallas Mavericks,113 - 107,Final
9,27/12/2025,19:00,Orlando Magic,Denver Nuggets,127 - 126,Final
9,27/12/2025,19:00,New Orleans Pelicans,Phoenix Suns,114 - 123,Final
9,27/12/2025,20:00,Atlanta Hawks,New York Knicks,125 - 128,Final
9,27/12/2025,20:00,Miami Heat,Indiana Pacers,142 - 116,Final
9,27/12/2025,20:00,Chicago Bulls,Milwaukee Bucks,103 - 112,Final
9,27/12/2025,20:00,Houston Rockets,Cleveland Cavaliers,117 - 100,Final
9,27/12/2025,20:00,Minnesota Timberwolves,Brooklyn Nets,107 - 123,Final
9,27/12/2025,20:00,San Antonio Spurs,Utah Jazz,114 - 127,Final
9,28/12/2025,15:30,Toronto Raptors,Golden State Warriors,141 - 127,Final
9,28/12/2025,15:30,Oklahoma City Thunder,Philadelphia 76ers,129 - 104,Final
9,28/12/2025,18:00,Washington Wizards,Memphis Grizzlies,116 - 112,Final
9,28/12/2025,18:00,Portland Trail Blazers,Boston Celtics,114 - 108,Final
9,28/12/2025,21:00,LA Clippers,Detroit Pistons,112 - 99,Final
9,28/12/2025,21:30,Los Angeles Lakers,Sacramento Kings,125 - 101,Final
9,29/12/2025,19:00,Charlotte Hornets,Milwaukee Bucks,113 - 123,Final
9,29/12/2025,19:00,Washington Wizards,Phoenix Suns,101 - 115,Final
9,29/12/2025,19:30,Brooklyn Nets,Golden State Warriors,107 - 120,Final
9,29/12/2025,19:30,Miami Heat,Denver Nuggets,147 - 123,Final
9,29/12/2025,19:30,Toronto Raptors,Orlando Magic,107 - 106,Final
9,29/12/2025,20:00,Chicago Bulls,Minnesota Timberwolves,101 - 136,Final
9,29/12/2025,20:00,Houston Rockets,Indiana Pacers,126 - 119,Final
9,29/12/2025,20:00,New Orleans Pelicans,New York Knicks,125 - 130,Final
9,29/12/2025,20:00,Oklahoma City Thunder,Atlanta Hawks,140 - 129,Final
9,29/12/2025,20:00,San Antonio Spurs,Cleveland Cavaliers,101 - 113,Final
9,29/12/2025,22:30,Portland Trail Blazers,Dallas Mavericks,125 - 122,Final
9,30/12/2025,20:00,Memphis Grizzlies,Philadelphia 76ers,136 - 139,Final
9,30/12/2025,21:00,Utah Jazz,Boston Celtics,119 - 129,Final
9,30/12/2025,22:30,Los Angeles Lakers,Detroit Pistons,106 - 128,Final
9,30/12/2025,23:00,LA Clippers,Sacramento Kings,131 - 90,Final
9,31/12/2025,13:00,Charlotte Hornets,Golden State Warriors,125 - 132,Final
9,31/12/2025,15:00,Atlanta Hawks,Minnesota Timberwolves,126 - 102,Final
9,31/12/2025,15:00,Indiana Pacers,Orlando Magic,110 - 112,Final
9,31/12/2025,15:30,Cleveland Cavaliers,Phoenix Suns,129 - 113,Final
9,31/12/2025,19:00,Chicago Bulls,New Orleans Pelicans,134 - 118,Final
9,31/12/2025,19:00,San Antonio Spurs,New York Knicks,134 - 132,Final
9,31/12/2025,19:30,Toronto Raptors,Denver Nuggets,103 - 106,Final
9,31/12/2025,20:00,Milwaukee Bucks,Washington Wizards,113 - 114,Final
9,31/12/2025,20:00,Oklahoma City Thunder,Portland Trail Blazers,124 - 95,Final
10,01/01/2026,18:00,Brooklyn Nets,Houston Rockets,96 - 120,Final
10,01/01/2026,19:00,Detroit Pistons,Miami Heat,112 - 118,Final
10,01/01/2026,20:30,Dallas Mavericks,Philadelphia 76ers,108 - 123,Final
10,01/01/2026,22:00,Sacramento Kings,Boston Celtics,106 - 120,Final
10,01/01/2026,22:30,LA Clippers,Utah Jazz,118 - 101,Final
10,02/01/2026,19:00,Indiana Pacers,San Antonio Spurs,113 - 123,Final
10,02/01/2026,19:00,Washington Wizards,Brooklyn Nets,119 - 99,Final
10,02/01/2026,19:30,Cleveland Cavaliers,Denver Nuggets,113 - 108,Final
10,02/01/2026,19:30,New York Knicks,Atlanta Hawks,99 - 111,Final
10,02/01/2026,20:00,Chicago Bulls,Orlando Magic,121 - 114,Final
10,02/01/2026,20:00,Milwaukee Bucks,Charlotte Hornets,122 - 121,Final
10,02/01/2026,20:00,New Orleans Pelicans,Portland Trail Blazers,109 - 122,Final
10,02/01/2026,21:00,Phoenix Suns,Sacramento Kings,129 - 102,Final
10,02/01/2026,22:00,Golden State Warriors,Oklahoma City Thunder,94 - 131,Final
10,02/01/2026,22:30,Los Angeles Lakers,Memphis Grizzlies,128 - 121,Final
10,03/01/2026,17:00,Miami Heat,Minnesota Timberwolves,115 - 125,Final
10,03/01/2026,19:30,New York Knicks,Philadelphia 76ers,119 - 130,Final
10,03/01/2026,19:30,Toronto Raptors,Atlanta Hawks,134 - 117,Final
10,03/01/2026,20:00,Chicago Bulls,Charlotte Hornets,99 - 112,Final
10,03/01/2026,20:00,San Antonio Spurs,Portland Trail Blazers,110 - 115,Final
10,03/01/2026,20:30,Dallas Mavericks,Houston Rockets,110 - 104,Final
10,03/01/2026,22:00,Golden State Warriors,Utah Jazz,123 - 114,Final
10,03/01/2026,22:30,LA Clippers,Boston Celtics,115 - 146,Final
10,04/01/2026,14:00,Cleveland Cavaliers,Detroit Pistons,110 - 114,Final
10,04/01/2026,15:00,Orlando Magic,Indiana Pacers,135 - 127,Final
10,04/01/2026,15:30,Brooklyn Nets,Denver Nuggets,127 - 115,Final
10,04/01/2026,18:00,Miami Heat,New Orleans Pelicans,125 - 106,Final
10,04/01/2026,18:00,Washington Wizards,Minnesota Timberwolves,115 - 141,Final
10,04/01/2026,20:00,Phoenix Suns,Oklahoma City Thunder,108 - 105,Final
10,04/01/2026,21:00,Sacramento Kings,Milwaukee Bucks,98 - 115,Final
10,04/01/2026,21:30,Los Angeles Lakers,Memphis Grizzlies,120 - 114,Final
10,05/01/2026,19:00,Detroit Pistons,New York Knicks,121 - 90,Final
10,05/01/2026,19:30,Boston Celtics,Chicago Bulls,115 - 101,Final
10,05/01/2026,19:30,Toronto Raptors,Atlanta Hawks,118 - 100,Final
10,05/01/2026,20:00,Houston Rockets,Phoenix Suns,100 - 97,Final
10,05/01/2026,20:00,Oklahoma City Thunder,Charlotte Hornets,97 - 124,Final
10,05/01/2026,20:30,Philadelphia 76ers,Denver Nuggets,124 - 125,Final
10,05/01/2026,22:00,LA Clippers,Golden State Warriors,103 - 102,Final
10,05/01/2026,22:00,Portland Trail Blazers,Utah Jazz,137 - 117,Final
10,06/01/2026,19:00,Indiana Pacers,Cleveland Cavaliers,116 - 120,Final
10,06/01/2026,19:00,Washington Wizards,Orlando Magic,120 - 112,Final
10,06/01/2026,20:00,Memphis Grizzlies,San Antonio Spurs,106 - 105,Final
10,06/01/2026,20:00,Minnesota Timberwolves,Miami Heat,122 - 94,Final
10,06/01/2026,20:00,New Orleans Pelicans,Los Angeles Lakers,103 - 111,Final
10,06/01/2026,23:00,Sacramento Kings,Dallas Mavericks,98 - 100,Final
10,07/01/2026,19:00,Charlotte Hornets,Toronto Raptors,96 - 97,Final
10,07/01/2026,19:00,Detroit Pistons,Chicago Bulls,108 - 93,Final
10,07/01/2026,19:00,Philadelphia 76ers,Washington Wizards,131 - 110,Final
10,07/01/2026,19:00,Boston Celtics,Denver Nuggets,110 - 114,Final
10,07/01/2026,19:30,Atlanta Hawks,New Orleans Pelicans,117 - 100,Final
10,07/01/2026,19:30,Brooklyn Nets,Orlando Magic,103 - 104,Final
10,07/01/2026,19:30,New York Knicks,LA Clippers,123 - 111,Final
10,07/01/2026,20:00,Memphis Grizzlies,Phoenix Suns,98 - 117,Final
10,07/01/2026,20:00,Oklahoma City Thunder,Utah Jazz,129 - 125,Final
10,07/01/2026,21:30,San Antonio Spurs,Los Angeles Lakers,107 - 91,Final
10,07/01/2026,22:00,Golden State Warriors,Milwaukee Bucks,120 - 113,Final
10,07/01/2026,22:00,Portland Trail Blazers,Houston Rockets,103 - 102,Final
11,08/01/2026,19:00,Charlotte Hornets,Indiana Pacers,112 - 114,Final
11,08/01/2026,20:00,Minnesota Timberwolves,Cleveland Cavaliers,131 - 122,Final
11,08/01/2026,21:00,Utah Jazz,Dallas Mavericks,116 - 114,Final
11,09/01/2026,19:00,Boston Celtics,Toronto Raptors,125 - 117,Final
11,09/01/2026,19:00,Orlando Magic,Philadelphia 76ers,91 - 103,Final
11,09/01/2026,19:00,Washington Wizards,New Orleans Pelicans,107 - 128,Final
11,09/01/2026,19:30,Brooklyn Nets,LA Clippers,105 - 121,Final
11,09/01/2026,20:00,Memphis Grizzlies,Oklahoma City Thunder,116 - 117,Final
11,09/01/2026,21:00,Denver Nuggets,Atlanta Hawks,87 - 110,Final
11,09/01/2026,21:00,Phoenix Suns,New York Knicks,112 - 107,Final
11,09/01/2026,22:00,Golden State Warriors,Sacramento Kings,137 - 103,Final
11,09/01/2026,22:00,Portland Trail Blazers,Houston Rockets,111 - 105,Final
11,09/01/2026,22:30,Los Angeles Lakers,Milwaukee Bucks,101 - 105,Final
11,10/01/2026,13:00,Cleveland Cavaliers,Minnesota Timberwolves,146 - 134,Final
11,10/01/2026,19:00,Indiana Pacers,Miami Heat,123 - 99,Final
11,10/01/2026,19:30,Detroit Pistons,LA Clippers,92 - 98,Final
11,10/01/2026,20:00,Boston Celtics,San Antonio Spurs,95 - 100,Final
11,10/01/2026,20:00,Chicago Bulls,Dallas Mavericks,125 - 107,Final
11,10/01/2026,21:30,Utah Jazz,Charlotte Hornets,95 - 150,Final
11,11/01/2026,15:00,Orlando Magic,New Orleans Pelicans,128 - 118,Final
11,11/01/2026,15:30,Memphis Grizzlies,Brooklyn Nets,103 - 98,Final
11,11/01/2026,18:00,Toronto Raptors,Philadelphia 76ers,116 - 115,Final
11,11/01/2026,18:00,Portland Trail Blazers,New York Knicks,114 - 123,Final
11,11/01/2026,19:00,Minnesota Timberwolves,San Antonio Spurs,104 - 103,Final
11,11/01/2026,19:00,Oklahoma City Thunder,Miami Heat,124 - 112,Final
11,11/01/2026,20:00,Denver Nuggets,Milwaukee Bucks,108 - 104,Final
11,11/01/2026,20:00,Phoenix Suns,Washington Wizards,112 - 93,Final
11,11/01/2026,20:30,Golden State Warriors,Atlanta Hawks,111 - 124,Final
11,11/01/2026,21:00,Sacramento Kings,Houston Rockets,111 - 98,Final
11,12/01/2026,19:00,Cleveland Cavaliers,Utah Jazz,112 - 123,Final
11,12/01/2026,19:30,Indiana Pacers,Boston Celtics,98 - 96,Final
11,12/01/2026,19:30,Toronto Raptors,Philadelphia 76ers,102 - 115,Final
11,12/01/2026,20:30,Dallas Mavericks,Brooklyn Nets,113 - 105,Final
11,12/01/2026,22:00,Sacramento Kings,Los Angeles Lakers,124 - 112,Final
11,12/01/2026,22:30,LA Clippers,Charlotte Hornets,117 - 109,Final
11,13/01/2026,19:30,Miami Heat,Phoenix Suns,127 - 121,Final
11,13/01/2026,20:00,Houston Rockets,Chicago Bulls,119 - 113,Final
11,13/01/2026,20:00,Milwaukee Bucks,Minnesota Timberwolves,106 - 139,Final
11,13/01/2026,20:00,New Orleans Pelicans,Denver Nuggets,116 - 122,Final
11,13/01/2026,20:00,Oklahoma City Thunder,San Antonio Spurs,119 - 98,Final
11,13/01/2026,22:30,Los Angeles Lakers,Atlanta Hawks,141 - 116,Final
11,13/01/2026,23:00,Golden State Warriors,Portland Trail Blazers,119 - 97,Final
11,14/01/2026,19:00,Indiana Pacers,Toronto Raptors,101 - 115,Final
11,14/01/2026,19:00,Philadelphia 76ers,Cleveland Cavaliers,107 - 133,Final
11,14/01/2026,20:00,Chicago Bulls,Utah Jazz,128 - 126,Final
11,14/01/2026,20:00,New Orleans Pelicans,Brooklyn Nets,116 - 113,Final
11,14/01/2026,21:30,Dallas Mavericks,Denver Nuggets,109 - 118,Final
11,14/01/2026,22:00,Sacramento Kings,New York Knicks,112 - 101,Final
11,14/01/2026,22:30,LA Clippers,Washington Wizards,119 - 105,Final
12,15/01/2026,14:00,Orlando Magic,Memphis Grizzlies,118 - 111,Final
12,15/01/2026,19:00,Detroit Pistons,Phoenix Suns,108 - 105,Final
12,15/01/2026,19:30,Miami Heat,Boston Celtics,114 - 119,Final
12,15/01/2026,19:30,Houston Rockets,Oklahoma City Thunder,91 - 111,Final
12,15/01/2026,20:00,San Antonio Spurs,Milwaukee Bucks,119 - 101,Final
12,15/01/2026,20:30,Dallas Mavericks,Utah Jazz,144 - 122,Final
12,15/01/2026,22:00,Golden State Warriors,New York Knicks,126 - 113,Final
12,15/01/2026,22:00,Portland Trail Blazers,Atlanta Hawks,117 - 101,Final
12,15/01/2026,22:30,Los Angeles Lakers,Charlotte Hornets,117 - 135,Final
12,16/01/2026,19:00,Indiana Pacers,New Orleans Pelicans,127 - 119,Final
12,16/01/2026,19:00,Philadelphia 76ers,Cleveland Cavaliers,115 - 117,Final
12,16/01/2026,19:30,Brooklyn Nets,Chicago Bulls,112 - 109,Final
12,16/01/2026,19:30,Toronto Raptors,LA Clippers,117 - 121,Final
12,16/01/2026,21:30,Houston Rockets,Minnesota Timberwolves,110 - 105,Final
12,16/01/2026,22:00,Sacramento Kings,Washington Wizards,128 - 115,Final
12,17/01/2026,17:00,Dallas Mavericks,Utah Jazz,138 - 120,Final
12,17/01/2026,19:30,Atlanta Hawks,Boston Celtics,106 - 132,Final
12,17/01/2026,19:30,Detroit Pistons,Indiana Pacers,121 - 78,Final
12,17/01/2026,19:30,New York Knicks,Phoenix Suns,99 - 106,Final
12,17/01/2026,20:00,Miami Heat,Oklahoma City Thunder,122 - 120,Final
12,17/01/2026,20:00,San Antonio Spurs,Minnesota Timberwolves,126 - 123,Final
12,17/01/2026,20:30,Golden State Warriors,Charlotte Hornets,136 - 116,Final
12,17/01/2026,21:00,Denver Nuggets,Washington Wizards,121 - 115,Final
12,17/01/2026,22:00,Portland Trail Blazers,Los Angeles Lakers,132 - 116,Final
12,18/01/2026,12:00,Memphis Grizzlies,Orlando Magic,126 - 109,Final
12,18/01/2026,19:00,Chicago Bulls,Brooklyn Nets,124 - 102,Final
12,18/01/2026,19:00,Houston Rockets,New Orleans Pelicans,119 - 110,Final
12,18/01/2026,20:00,Denver Nuggets,Charlotte Hornets,87 - 110,Final
12,18/01/2026,21:00,Sacramento Kings,Portland Trail Blazers,110 - 117,Final
12,18/01/2026,21:30,Los Angeles Lakers,Toronto Raptors,110 - 93,Final
12,19/01/2026,13:00,Atlanta Hawks,Milwaukee Bucks,110 - 112,Final
12,19/01/2026,14:30,Cleveland Cavaliers,Oklahoma City Thunder,104 - 136,Final
12,19/01/2026,15:00,Washington Wizards,LA Clippers,106 - 110,Final
12,19/01/2026,17:00,New York Knicks,Dallas Mavericks,97 - 114,Final
12,19/01/2026,17:00,San Antonio Spurs,Utah Jazz,123 - 110,Final
12,19/01/2026,19:00,Philadelphia 76ers,Indiana Pacers,113 - 104,Final
12,19/01/2026,19:30,Brooklyn Nets,Phoenix Suns,117 - 126,Final
12,19/01/2026,20:00,Detroit Pistons,Boston Celtics,104 - 103,Final
12,19/01/2026,22:00,Golden State Warriors,Miami Heat,135 - 112,Final
12,20/01/2026,19:00,Philadelphia 76ers,Phoenix Suns,110 - 116,Final
12,20/01/2026,20:00,Chicago Bulls,LA Clippers,138 - 110,Final
12,20/01/2026,20:00,Houston Rockets,San Antonio Spurs,111 - 106,Final
12,20/01/2026,21:00,Utah Jazz,Minnesota Timberwolves,127 - 122,Final
12,20/01/2026,22:00,Denver Nuggets,Los Angeles Lakers,107 - 115,Final
12,20/01/2026,22:00,Golden State Warriors,Toronto Raptors,127 - 145,Final
12,20/01/2026,22:00,Sacramento Kings,Miami Heat,117 - 130,Final
12,21/01/2026,19:00,Charlotte Hornets,Cleveland Cavaliers,87 - 94,Final
12,21/01/2026,19:30,Boston Celtics,Indiana Pacers,119 - 104,Final
12,21/01/2026,19:30,New York Knicks,Brooklyn Nets,120 - 66,Final
12,21/01/2026,20:00,Memphis Grizzlies,Atlanta Hawks,122 - 124,Final
12,21/01/2026,20:00,New Orleans Pelicans,Detroit Pistons,104 - 112,Final
12,21/01/2026,21:30,Milwaukee Bucks,Oklahoma City Thunder,102 - 122,Final
12,21/01/2026,22:00,Sacramento Kings,Toronto Raptors,109 - 122,Final
13,22/01/2026,19:00,Orlando Magic,Charlotte Hornets,97 - 124,Final
13,22/01/2026,19:00,Philadelphia 76ers,Houston Rockets,128 - 122,Final
13,22/01/2026,19:00,Washington Wizards,Denver Nuggets,97 - 107,Final
13,22/01/2026,19:30,Dallas Mavericks,Golden State Warriors,123 - 115,Final
13,22/01/2026,20:00,Minnesota Timberwolves,Chicago Bulls,115 - 120,Final
13,22/01/2026,21:00,Utah Jazz,San Antonio Spurs,109 - 126,Final
13,22/01/2026,22:00,LA Clippers,Los Angeles Lakers,112 - 104,Final
13,22/01/2026,22:00,Portland Trail Blazers,Miami Heat,127 - 110,Final
13,23/01/2026,19:00,Detroit Pistons,Houston Rockets,104 - 111,Final
13,23/01/2026,19:30,Atlanta Hawks,Phoenix Suns,110 - 103,Final
13,23/01/2026,19:30,Brooklyn Nets,Boston Celtics,126 - 130,Final
13,23/01/2026,19:30,Cleveland Cavaliers,Sacramento Kings,123 - 118,Final
13,23/01/2026,20:00,Memphis Grizzlies,New Orleans Pelicans,127 - 133,Final
13,23/01/2026,20:00,Oklahoma City Thunder,Indiana Pacers,114 - 117,Final
13,23/01/2026,21:30,Milwaukee Bucks,Denver Nuggets,100 - 102,Final
13,23/01/2026,22:00,Portland Trail Blazers,Toronto Raptors,98 - 110,Final
13,24/01/2026,12:00,Charlotte Hornets,Washington Wizards,119 - 115,Final
13,24/01/2026,15:00,Philadelphia 76ers,New York Knicks,109 - 112,Final
13,24/01/2026,19:00,Orlando Magic,Cleveland Cavaliers,105 - 119,Final
13,24/01/2026,20:00,Chicago Bulls,Boston Celtics,114 - 111,Final
13,24/01/2026,20:30,Dallas Mavericks,Los Angeles Lakers,110 - 116,Final
13,24/01/2026,21:30,Utah Jazz,Miami Heat,116 - 147,Final
13,25/01/2026,15:00,Detroit Pistons,Sacramento Kings,139 - 116,Final
13,25/01/2026,17:30,Minnesota Timberwolves,Golden State Warriors,85 - 111,Final
13,25/01/2026,19:00,Oklahoma City Thunder,Toronto Raptors,101 - 103,Final
13,25/01/2026,19:00,San Antonio Spurs,New Orleans Pelicans,95 - 104,Final
13,25/01/2026,20:00,Phoenix Suns,Miami Heat,102 - 111,Final
13,25/01/2026,21:00,LA Clippers,Brooklyn Nets,126 - 89,Final
13,26/01/2026,13:30,Atlanta Hawks,Indiana Pacers,132 - 116,Final
13,26/01/2026,15:00,Charlotte Hornets,Philadelphia 76ers,130 - 93,Final
13,26/01/2026,19:00,Cleveland Cavaliers,Orlando Magic,114 - 98,Final
13,26/01/2026,20:00,Boston Celtics,Portland Trail Blazers,102 - 94,Final
13,26/01/2026,20:00,Chicago Bulls,Los Angeles Lakers,118 - 129,Final
13,26/01/2026,20:00,Houston Rockets,Memphis Grizzlies,108 - 99,Final
13,26/01/2026,21:30,Minnesota Timberwolves,Golden State Warriors,108 - 83,Final
13,27/01/2026,19:00,Washington Wizards,Portland Trail Blazers,115 - 111,Final
13,27/01/2026,19:30,New York Knicks,Sacramento Kings,103 - 87,Final
13,27/01/2026,20:00,Philadelphia 76ers,Milwaukee Bucks,139 - 122,Final
13,27/01/2026,20:00,Oklahoma City Thunder,New Orleans Pelicans,104 - 95,Final
13,27/01/2026,21:00,Denver Nuggets,Detroit Pistons,107 - 109,Final
13,27/01/2026,21:00,Phoenix Suns,Brooklyn Nets,106 - 102,Final
13,27/01/2026,22:00,Utah Jazz,LA Clippers,103 - 115,Final
13,28/01/2026,19:00,Cleveland Cavaliers,Los Angeles Lakers,129 - 99,Final
13,28/01/2026,19:00,Indiana Pacers,Chicago Bulls,113 - 110,Final
13,28/01/2026,19:30,Boston Celtics,Atlanta Hawks,106 - 117,Final
13,28/01/2026,19:30,Miami Heat,Orlando Magic,124 - 133,Final
13,28/01/2026,19:30,Toronto Raptors,New York Knicks,92 - 119,Final
13,28/01/2026,20:00,Memphis Grizzlies,Charlotte Hornets,97 - 112,Final
13,28/01/2026,20:30,Dallas Mavericks,Minnesota Timberwolves,105 - 118,Final
13,28/01/2026,21:00,Utah Jazz,Golden State Warriors,124 - 140,Final
13,28/01/2026,21:30,Houston Rockets,San Antonio Spurs,99 - 111,Final
14,29/01/2026,19:00,Philadelphia 76ers,Sacramento Kings,113 - 111,Final
14,29/01/2026,19:00,Washington Wizards,Milwaukee Bucks,109 - 99,Final
14,29/01/2026,20:00,Chicago Bulls,Miami Heat,113 - 116,Final
14,29/01/2026,20:00,Atlanta Hawks,Houston Rockets,86 - 104,Final
14,29/01/2026,20:30,Dallas Mavericks,Charlotte Hornets,121 - 123,Final
14,29/01/2026,21:00,Denver Nuggets,Brooklyn Nets,107 - 103,Final
14,29/01/2026,21:00,Phoenix Suns,Detroit Pistons,114 - 96,Final
14,29/01/2026,21:30,Minnesota Timberwolves,Oklahoma City Thunder,123 - 111,Final
14,30/01/2026,19:00,Washington Wizards,Los Angeles Lakers,111 - 142,Final
14,30/01/2026,19:30,Orlando Magic,Toronto Raptors,130 - 120,Final
14,30/01/2026,19:30,Boston Celtics,Sacramento Kings,112 - 93,Final
14,30/01/2026,19:30,New York Knicks,Portland Trail Blazers,127 - 97,Final
14,30/01/2026,19:30,New Orleans Pelicans,Memphis Grizzlies,114 - 106,Final
14,30/01/2026,21:00,Phoenix Suns,Cleveland Cavaliers,126 - 113,Final
14,30/01/2026,21:00,Denver Nuggets,LA Clippers,122 - 109,Final
14,30/01/2026,21:30,Utah Jazz,Brooklyn Nets,99 - 109,Final
14,30/01/2026,22:00,Golden State Warriors,Detroit Pistons,124 - 131,Final
14,31/01/2026,12:00,Charlotte Hornets,San Antonio Spurs,111 - 106,Final
14,31/01/2026,19:00,Indiana Pacers,Atlanta Hawks,129 - 124,Final
14,31/01/2026,19:30,Philadelphia 76ers,New Orleans Pelicans,124 - 114,Final
14,31/01/2026,20:00,Miami Heat,Chicago Bulls,118 - 125,Final
14,31/01/2026,20:00,Memphis Grizzlies,Minnesota Timberwolves,114 - 131,Final
14,31/01/2026,20:30,Houston Rockets,Dallas Mavericks,111 - 107,Final
14,01/02/2026,15:30,Boston Celtics,Milwaukee Bucks,107 - 79,Final
14,01/02/2026,18:00,Detroit Pistons,Brooklyn Nets,130 - 77,Final
14,01/02/2026,18:00,Miami Heat,Chicago Bulls,134 - 91,Final
14,01/02/2026,18:00,Toronto Raptors,Utah Jazz,107 - 100,Final
14,01/02/2026,18:00,Washington Wizards,Sacramento Kings,116 - 112,Final
14,01/02/2026,19:00,New York Knicks,Los Angeles Lakers,112 - 100,Final
14,01/02/2026,20:00,Phoenix Suns,LA Clippers,93 - 117,Final
14,01/02/2026,21:00,San Antonio Spurs,Orlando Magic,112 - 103,Final
14,01/02/2026,21:00,Portland Trail Blazers,Cleveland Cavaliers,111 - 130,Final
14,01/02/2026,21:30,Denver Nuggets,Oklahoma City Thunder,111 - 121,Final
14,02/02/2026,15:00,Charlotte Hornets,New Orleans Pelicans,102 - 95,Final
14,02/02/2026,19:00,Indiana Pacers,Houston Rockets,114 - 118,Final
14,02/02/2026,19:30,Memphis Grizzlies,Minnesota Timberwolves,137 - 128,Final
14,02/02/2026,22:00,LA Clippers,Philadelphia 76ers,113 - 128,Final
14,03/02/2026,19:00,Detroit Pistons,Denver Nuggets,124 - 121,Final
14,03/02/2026,19:00,Indiana Pacers,Utah Jazz,122 - 131,Final
14,03/02/2026,19:00,Washington Wizards,New York Knicks,101 - 132,Final
14,03/02/2026,19:30,Brooklyn Nets,Los Angeles Lakers,109 - 125,Final
14,03/02/2026,19:30,Miami Heat,Atlanta Hawks,115 - 127,Final
14,03/02/2026,20:00,Dallas Mavericks,Boston Celtics,100 - 110,Final
14,03/02/2026,20:00,Milwaukee Bucks,Chicago Bulls,131 - 115,Final
14,03/02/2026,20:00,Oklahoma City Thunder,Orlando Magic,128 - 92,Final
14,03/02/2026,22:00,Golden State Warriors,Philadelphia 76ers,94 - 113,Final
14,03/02/2026,23:00,Portland Trail Blazers,Phoenix Suns,125 - 130,Final
14,04/02/2026,19:00,New York Knicks,Denver Nuggets,134 - 127,Final
14,04/02/2026,19:30,Toronto Raptors,Minnesota Timberwolves,126 - 128,Final
14,04/02/2026,20:00,Houston Rockets,Boston Celtics,93 - 114,Final
14,04/02/2026,20:00,Milwaukee Bucks,New Orleans Pelicans,141 - 137,Final
14,04/02/2026,21:30,San Antonio Spurs,Oklahoma City Thunder,116 - 106,Final
14,04/02/2026,22:00,Sacramento Kings,Memphis Grizzlies,125 - 129,Final
14,04/02/2026,22:30,LA Clippers,Cleveland Cavaliers,91 - 124,Final
15,05/02/2026,19:00,Detroit Pistons,Washington Wizards,117 - 126,Final
15,05/02/2026,19:00,Orlando Magic,Brooklyn Nets,118 - 98,Final
15,05/02/2026,19:30,Atlanta Hawks,Utah Jazz,121 - 119,Final
15,05/02/2026,19:30,Toronto Raptors,Chicago Bulls,123 - 107,Final
15,05/02/2026,20:00,Houston Rockets,Charlotte Hornets,99 - 109,Final
15,05/02/2026,20:30,Dallas Mavericks,San Antonio Spurs,123 - 135,Final
15,05/02/2026,22:00,Phoenix Suns,Golden State Warriors,97 - 101,Final
15,05/02/2026,22:00,Los Angeles Lakers,Philadelphia 76ers,119 - 115,Final
15,06/02/2026,19:30,Boston Celtics,Miami Heat,98 - 96,Final
15,06/02/2026,19:30,Detroit Pistons,New York Knicks,118 - 80,Final
15,06/02/2026,20:00,Milwaukee Bucks,Indiana Pacers,105 - 99,Final
15,06/02/2026,20:00,Minnesota Timberwolves,New Orleans Pelicans,115 - 119,Final
15,06/02/2026,22:00,Portland Trail Blazers,Memphis Grizzlies,135 - 115,Final
15,06/02/2026,22:00,Sacramento Kings,LA Clippers,111 - 114,Final
15,07/02/2026,15:00,Brooklyn Nets,Washington Wizards,127 - 113,Final
15,07/02/2026,15:30,Oklahoma City Thunder,Houston Rockets,106 - 112,Final
15,07/02/2026,18:00,San Antonio Spurs,Dallas Mavericks,138 - 125,Final
15,07/02/2026,19:00,Orlando Magic,Utah Jazz,120 - 117,Final
15,07/02/2026,19:30,Atlanta Hawks,Charlotte Hornets,119 - 126,Final
15,07/02/2026,20:00,Chicago Bulls,Denver Nuggets,120 - 136,Final
15,07/02/2026,20:30,Los Angeles Lakers,Golden State Warriors,105 - 99,Final
15,07/02/2026,21:00,Phoenix Suns,Philadelphia 76ers,103 - 109,Final
15,07/02/2026,22:00,Portland Trail Blazers,Memphis Grizzlies,122 - 115,Final
15,07/02/2026,22:00,Sacramento Kings,Cleveland Cavaliers,126 - 132,Final
15,08/02/2026,12:30,Boston Celtics,New York Knicks,89 - 111,Final
15,08/02/2026,14:00,Washington Wizards,Miami Heat,101 - 132,Final
15,08/02/2026,15:00,Toronto Raptors,Indiana Pacers,122 - 104,Final
15,08/02/2026,15:00,Minnesota Timberwolves,LA Clippers,96 - 115,Final
15,09/02/2026,19:00,Charlotte Hornets,Detroit Pistons,104 - 110,Final
15,09/02/2026,19:30,Brooklyn Nets,Chicago Bulls,123 - 115,Final
15,09/02/2026,19:30,Miami Heat,Utah Jazz,111 - 115,Final
15,09/02/2026,19:30,Orlando Magic,Milwaukee Bucks,118 - 99,Final
15,09/02/2026,20:00,Minnesota Timberwolves,Atlanta Hawks,138 - 116,Final
15,09/02/2026,20:00,New Orleans Pelicans,Sacramento Kings,120 - 94,Final
15,09/02/2026,21:00,Denver Nuggets,Cleveland Cavaliers,117 - 119,Final
15,09/02/2026,22:00,Golden State Warriors,Memphis Grizzlies,114 - 113,Final
15,09/02/2026,22:00,Los Angeles Lakers,Oklahoma City Thunder,110 - 119,Final
15,09/02/2026,22:00,Portland Trail Blazers,Philadelphia 76ers,135 - 118,Final
15,10/02/2026,19:30,New York Knicks,Indiana Pacers,134 - 137,Final
15,10/02/2026,20:00,Houston Rockets,LA Clippers,102 - 95,Final
15,10/02/2026,21:00,Phoenix Suns,Dallas Mavericks,120 - 111,Final
15,10/02/2026,22:30,Los Angeles Lakers,San Antonio Spurs,108 - 136,Final
15,11/02/2026,19:00,Charlotte Hornets,Atlanta Hawks,110 - 107,Final
15,11/02/2026,19:00,Cleveland Cavaliers,Washington Wizards,138 - 113,Final
15,11/02/2026,19:00,Orlando Magic,Milwaukee Bucks,108 - 116,Final
15,11/02/2026,19:30,Boston Celtics,Chicago Bulls,124 - 105,Final
15,11/02/2026,19:30,Brooklyn Nets,Indiana Pacers,110 - 115,Final
15,11/02/2026,19:30,Philadelphia 76ers,New York Knicks,89 - 138,Final
15,11/02/2026,19:30,Toronto Raptors,Detroit Pistons,95 - 113,Final
15,11/02/2026,20:00,Houston Rockets,LA Clippers,102 - 105,Final
15,11/02/2026,20:00,Minnesota Timberwolves,Portland Trail Blazers,133 - 109,Final
15,11/02/2026,20:00,New Orleans Pelicans,Miami Heat,111 - 123,Final
15,11/02/2026,21:00,Phoenix Suns,Oklahoma City Thunder,109 - 136,Final
15,11/02/2026,21:00,Utah Jazz,Sacramento Kings,121 - 93,Final
15,11/02/2026,21:00,Denver Nuggets,Memphis Grizzlies,122 - 116,Final
15,11/02/2026,22:00,Golden State Warriors,San Antonio Spurs,113 - 126,Final
15,12/02/2026,19:30,Oklahoma City Thunder,Milwaukee Bucks,93 - 110,Final
15,12/02/2026,21:00,Utah Jazz,Portland Trail Blazers,119 - 135,Final
15,12/02/2026,22:00,Los Angeles Lakers,Dallas Mavericks,124 - 104,Final
16,19/02/2026,19:00,Charlotte Hornets,Houston Rockets,101 - 105,Final
16,19/02/2026,19:00,Cleveland Cavaliers,Brooklyn Nets,112 - 84,Final
16,19/02/2026,19:00,Philadelphia 76ers,Atlanta Hawks,107 - 117,Final
16,19/02/2026,19:00,Washington Wizards,Indiana Pacers,112 - 105,Final
16,19/02/2026,19:30,New York Knicks,Detroit Pistons,111 - 126,Final
16,19/02/2026,20:00,Chicago Bulls,Toronto Raptors,101 - 110,Final
16,19/02/2026,20:30,San Antonio Spurs,Phoenix Suns,121 - 94,Final
16,19/02/2026,22:00,Golden State Warriors,Boston Celtics,110 - 121,Final
16,19/02/2026,22:00,Sacramento Kings,Orlando Magic,94 - 131,Final
16,19/02/2026,22:30,LA Clippers,Denver Nuggets,115 - 114,Final
16,20/02/2026,19:00,Charlotte Hornets,Cleveland Cavaliers,113 - 118,Final
16,20/02/2026,19:00,Washington Wizards,Indiana Pacers,131 - 118,Final
16,20/02/2026,19:00,Memphis Grizzlies,Utah Jazz,123 - 114,Final
16,20/02/2026,19:30,Atlanta Hawks,Miami Heat,97 - 128,Final
16,20/02/2026,19:30,Minnesota Timberwolves,Dallas Mavericks,122 - 111,Final
16,20/02/2026,20:00,New Orleans Pelicans,Milwaukee Bucks,118 - 139,Final
16,20/02/2026,20:00,Oklahoma City Thunder,Brooklyn Nets,105 - 86,Final
16,20/02/2026,22:00,Los Angeles Lakers,LA Clippers,125 - 122,Final
16,20/02/2026,22:00,Portland Trail Blazers,Denver Nuggets,103 - 157,Final
16,21/02/2026,17:00,Phoenix Suns,Orlando Magic,113 - 110,Final
16,21/02/2026,19:00,New Orleans Pelicans,Philadelphia 76ers,126 - 111,Final
16,21/02/2026,20:00,Miami Heat,Memphis Grizzlies,136 - 120,Final
16,21/02/2026,20:00,Chicago Bulls,Detroit Pistons,110 - 126,Final
16,21/02/2026,20:00,San Antonio Spurs,Sacramento Kings,139 - 122,Final
16,21/02/2026,20:30,New York Knicks,Houston Rockets,108 - 106,Final
16,22/02/2026,13:00,Oklahoma City Thunder,Cleveland Cavaliers,121 - 113,Final
16,22/02/2026,15:30,Atlanta Hawks,Brooklyn Nets,115 - 104,Final
16,22/02/2026,15:30,Milwaukee Bucks,Toronto Raptors,94 - 122,Final
16,22/02/2026,15:30,Golden State Warriors,Denver Nuggets,128 - 117,Final
16,22/02/2026,17:00,Indiana Pacers,Dallas Mavericks,130 - 134,Final
16,22/02/2026,18:00,Washington Wizards,Charlotte Hornets,112 - 129,Final
16,22/02/2026,18:30,Los Angeles Lakers,Boston Celtics,89 - 111,Final
16,22/02/2026,19:00,Minnesota Timberwolves,Philadelphia 76ers,108 - 135,Final
16,22/02/2026,20:00,Chicago Bulls,New York Knicks,99 - 105,Final
16,22/02/2026,20:00,Phoenix Suns,Portland Trail Blazers,77 - 92,Final
16,22/02/2026,21:00,LA Clippers,Orlando Magic,109 - 111,Final
16,23/02/2026,19:00,Detroit Pistons,San Antonio Spurs,103 - 114,Final
16,23/02/2026,20:00,Memphis Grizzlies,Sacramento Kings,114 - 123,Final
16,23/02/2026,21:30,Houston Rockets,Utah Jazz,125 - 105,Final
16,24/02/2026,19:00,Indiana Pacers,Philadelphia 76ers,114 - 135,Final
16,24/02/2026,19:30,Atlanta Hawks,Washington Wizards,119 - 98,Final
16,24/02/2026,19:30,Brooklyn Nets,Dallas Mavericks,114 - 123,Final
16,24/02/2026,19:30,Toronto Raptors,Oklahoma City Thunder,107 - 116,Final
16,24/02/2026,19:30,Cleveland Cavaliers,New York Knicks,109 - 94,Final
16,24/02/2026,20:00,Chicago Bulls,Charlotte Hornets,99 - 131,Final
16,24/02/2026,20:00,Milwaukee Bucks,Miami Heat,128 - 117,Final
16,24/02/2026,20:00,New Orleans Pelicans,Golden State Warriors,113 - 109,Final
16,24/02/2026,21:00,Phoenix Suns,Boston Celtics,81 - 97,Final
16,24/02/2026,22:00,Portland Trail Blazers,Minnesota Timberwolves,121 - 124,Final
16,24/02/2026,22:30,Los Angeles Lakers,Orlando Magic,109 - 110,Final
17,25/02/2026,19:30,Detroit Pistons,Oklahoma City Thunder,124 - 116,Final
17,25/02/2026,19:30,Toronto Raptors,San Antonio Spurs,107 - 110,Final
17,25/02/2026,19:30,Memphis Grizzlies,Golden State Warriors,112 - 133,Final
17,25/02/2026,20:00,Houston Rockets,Sacramento Kings,128 - 97,Final
17,25/02/2026,20:00,Milwaukee Bucks,Cleveland Cavaliers,118 - 116,Final
17,25/02/2026,22:00,Denver Nuggets,Boston Celtics,103 - 84,Final
17,26/02/2026,19:00,Indiana Pacers,Charlotte Hornets,109 - 133,Final
17,26/02/2026,19:00,Philadelphia 76ers,Miami Heat,124 - 117,Final
17,26/02/2026,19:30,Atlanta Hawks,Washington Wizards,126 - 96,Final
17,26/02/2026,19:30,Brooklyn Nets,San Antonio Spurs,110 - 126,Final
17,26/02/2026,19:30,Orlando Magic,Houston Rockets,108 - 113,Final
17,26/02/2026,20:00,Chicago Bulls,Portland Trail Blazers,112 - 121,Final
17,26/02/2026,20:30,Dallas Mavericks,Sacramento Kings,121 - 130,Final
17,26/02/2026,21:00,Phoenix Suns,Los Angeles Lakers,113 - 110,Final
17,26/02/2026,21:00,Utah Jazz,New Orleans Pelicans,118 - 129,Final
17,26/02/2026,22:00,LA Clippers,Minnesota Timberwolves,88 - 94,Final
17,27/02/2026,19:00,Detroit Pistons,Cleveland Cavaliers,122 - 119,Final
17,27/02/2026,19:30,Boston Celtics,Brooklyn Nets,148 - 111,Final
17,27/02/2026,20:00,Milwaukee Bucks,New York Knicks,98 - 127,Final
17,27/02/2026,20:30,Dallas Mavericks,Memphis Grizzlies,105 - 124,Final
17,27/02/2026,21:30,Oklahoma City Thunder,Denver Nuggets,127 - 121,Final
17,28/02/2026,13:00,Charlotte Hornets,Portland Trail Blazers,109 - 93,Final
17,28/02/2026,15:30,Miami Heat,Houston Rockets,115 - 105,Final
17,28/02/2026,19:00,Washington Wizards,Toronto Raptors,125 - 134,Final
17,28/02/2026,20:30,Golden State Warriors,Los Angeles Lakers,101 - 129,Final
17,28/02/2026,21:30,Utah Jazz,New Orleans Pelicans,105 - 115,Final
17,01/03/2026,13:00,New York Knicks,San Antonio Spurs,114 - 89,Final
17,01/03/2026,15:30,Brooklyn Nets,Cleveland Cavaliers,102 - 106,Final
17,01/03/2026,15:30,Chicago Bulls,Milwaukee Bucks,120 - 97,Final
17,01/03/2026,15:30,Denver Nuggets,Minnesota Timberwolves,108 - 117,Final
17,01/03/2026,17:00,Indiana Pacers,Memphis Grizzlies,106 - 125,Final
17,01/03/2026,18:00,Atlanta Hawks,Portland Trail Blazers,135 - 101,Final
17,01/03/2026,18:00,Orlando Magic,Detroit Pistons,92 - 106,Final
17,01/03/2026,20:00,Boston Celtics,Philadelphia 76ers,114 - 98,Final
17,01/03/2026,20:00,Dallas Mavericks,Oklahoma City Thunder,87 - 100,Final
17,01/03/2026,21:00,LA Clippers,New Orleans Pelicans,137 - 117,Final
17,01/03/2026,21:30,Los Angeles Lakers,Sacramento Kings,128 - 104,Final
17,02/03/2026,19:00,Washington Wizards,Houston Rockets,118 - 123,Final
17,02/03/2026,19:30,Milwaukee Bucks,Boston Celtics,81 - 108,Final
17,02/03/2026,21:00,Utah Jazz,Denver Nuggets,125 - 128,Final
17,02/03/2026,22:00,Golden State Warriors,LA Clippers,101 - 114,Final
17,03/03/2026,19:00,Charlotte Hornets,Dallas Mavericks,117 - 90,Final
17,03/03/2026,19:00,Cleveland Cavaliers,Detroit Pistons,113 - 109,Final
17,03/03/2026,19:00,Orlando Magic,Washington Wizards,126 - 109,Final
17,03/03/2026,19:30,Miami Heat,Brooklyn Nets,124 - 98,Final
17,03/03/2026,19:30,Toronto Raptors,New York Knicks,95 - 111,Final
17,03/03/2026,20:00,Philadelphia 76ers,San Antonio Spurs,91 - 131,Final
17,03/03/2026,20:00,Chicago Bulls,Oklahoma City Thunder,108 - 116,Final
17,03/03/2026,20:00,Minnesota Timberwolves,Memphis Grizzlies,117 - 110,Final
17,03/03/2026,22:30,Los Angeles Lakers,New Orleans Pelicans,110 - 101,Final
17,03/03/2026,23:00,Sacramento Kings,Phoenix Suns,103 - 114,Final
18,04/03/2026,19:00,New York Knicks,Oklahoma City Thunder,100 - 103,Final
18,04/03/2026,19:30,Boston Celtics,Charlotte Hornets,89 - 118,Final
18,04/03/2026,19:30,Philadelphia 76ers,Utah Jazz,106 - 102,Final
18,04/03/2026,20:00,Memphis Grizzlies,Portland Trail Blazers,114 - 122,Final
18,04/03/2026,21:30,Milwaukee Bucks,Atlanta Hawks,113 - 131,Final
18,04/03/2026,22:30,LA Clippers,Indiana Pacers,130 - 107,Final
18,05/03/2026,19:00,Orlando Magic,Dallas Mavericks,115 - 114,Final
18,05/03/2026,19:00,Washington Wizards,Utah Jazz,112 - 122,Final
18,05/03/2026,19:30,Miami Heat,Brooklyn Nets,126 - 110,Final
18,05/03/2026,19:30,Houston Rockets,Golden State Warriors,113 - 115,Final
18,05/03/2026,20:00,Minnesota Timberwolves,Toronto Raptors,115 - 107,Final
18,05/03/2026,20:00,San Antonio Spurs,Detroit Pistons,121 - 106,Final
18,05/03/2026,21:00,Phoenix Suns,Chicago Bulls,103 - 105,Final
18,05/03/2026,22:00,Denver Nuggets,Los Angeles Lakers,120 - 113,Final
18,05/03/2026,22:00,Sacramento Kings,New Orleans Pelicans,123 - 133,Final
18,06/03/2026,19:00,Boston Celtics,Dallas Mavericks,120 - 100,Final
18,06/03/2026,19:00,Charlotte Hornets,Miami Heat,120 - 128,Final
18,06/03/2026,20:00,Houston Rockets,Portland Trail Blazers,106 - 99,Final
18,06/03/2026,21:00,Denver Nuggets,New York Knicks,103 - 142,Final
18,06/03/2026,21:00,Phoenix Suns,New Orleans Pelicans,118 - 116,Final
18,06/03/2026,21:30,San Antonio Spurs,LA Clippers,116 - 112,Final
18,06/03/2026,22:30,Los Angeles Lakers,Indiana Pacers,128 - 117,Final
18,07/03/2026,15:00,Minnesota Timberwolves,Orlando Magic,92 - 119,Final
18,07/03/2026,18:00,Detroit Pistons,Brooklyn Nets,105 - 107,Final
18,07/03/2026,18:00,Atlanta Hawks,Philadelphia 76ers,125 - 116,Final
18,07/03/2026,20:00,Memphis Grizzlies,LA Clippers,120 - 123,Final
18,07/03/2026,20:00,Milwaukee Bucks,Utah Jazz,113 - 99,Final
18,07/03/2026,20:30,Oklahoma City Thunder,Golden State Warriors,104 - 97,Final
18,08/03/2026,12:00,Cleveland Cavaliers,Boston Celtics,98 - 109,Final
18,08/03/2026,14:30,Los Angeles Lakers,New York Knicks,110 - 97,Final
18,08/03/2026,17:00,Miami Heat,Detroit Pistons,121 - 110,Final
18,08/03/2026,17:00,Toronto Raptors,Dallas Mavericks,122 - 92,Final
18,08/03/2026,18:00,New Orleans Pelicans,Washington Wizards,138 - 118,Final
18,08/03/2026,19:00,Milwaukee Bucks,Orlando Magic,91 - 130,Final
18,08/03/2026,19:00,San Antonio Spurs,Houston Rockets,145 - 120,Final
18,08/03/2026,20:00,Portland Trail Blazers,Indiana Pacers,131 - 111,Final
18,08/03/2026,20:00,Sacramento Kings,Chicago Bulls,126 - 110,Final
18,08/03/2026,21:00,Phoenix Suns,Charlotte Hornets,111 - 99,Final
18,09/03/2026,18:00,Cleveland Cavaliers,Philadelphia 76ers,115 - 101,Final
18,09/03/2026,18:30,Brooklyn Nets,Memphis Grizzlies,126 - 115,Final
18,09/03/2026,18:30,Oklahoma City Thunder,Denver Nuggets,129 - 126,Final
18,09/03/2026,20:00,Utah Jazz,Golden State Warriors,119 - 116,Final
18,09/03/2026,21:00,LA Clippers,New York Knicks,126 - 118,Final
18,10/03/2026,18:00,Philadelphia 76ers,Memphis Grizzlies,139 - 129,Final
18,10/03/2026,18:30,Brooklyn Nets,Detroit Pistons,100 - 138,Final
18,10/03/2026,18:30,Miami Heat,Washington Wizards,150 - 129,Final
18,10/03/2026,18:30,Atlanta Hawks,Dallas Mavericks,124 - 112,Final
18,10/03/2026,19:00,Houston Rockets,Toronto Raptors,113 - 99,Final
18,10/03/2026,19:00,Milwaukee Bucks,Phoenix Suns,114 - 129,Final
18,10/03/2026,19:00,San Antonio Spurs,Boston Celtics,125 - 116,Final
18,10/03/2026,21:00,Golden State Warriors,Chicago Bulls,124 - 130,Final
18,10/03/2026,21:00,Portland Trail Blazers,Charlotte Hornets,101 - 103,Final
18,10/03/2026,21:00,Sacramento Kings,Indiana Pacers,114 - 109,Final
18,10/03/2026,22:00,Los Angeles Lakers,Minnesota Timberwolves,120 - 106,Final
19,11/03/2026,18:30,Orlando Magic,Cleveland Cavaliers,128 - 122,Final
19,11/03/2026,19:00,New Orleans Pelicans,Toronto Raptors,122 - 111,Final
19,11/03/2026,20:00,Utah Jazz,New York Knicks,117 - 134,Final
19,11/03/2026,21:00,Denver Nuggets,Houston Rockets,129 - 93,Final
19,11/03/2026,21:00,Sacramento Kings,Charlotte Hornets,109 - 117,Final
19,11/03/2026,21:30,LA Clippers,Minnesota Timberwolves,153 - 128,Final
19,12/03/2026,18:00,Detroit Pistons,Philadelphia 76ers,131 - 109,Final
19,12/03/2026,18:00,Indiana Pacers,Phoenix Suns,108 - 123,Final
19,12/03/2026,18:00,Orlando Magic,Washington Wizards,136 - 131,Final
19,12/03/2026,18:30,Atlanta Hawks,Brooklyn Nets,108 - 97,Final
19,12/03/2026,18:30,Miami Heat,Milwaukee Bucks,112 - 105,Final
19,12/03/2026,19:00,Memphis Grizzlies,Dallas Mavericks,112 - 120,Final
19,12/03/2026,20:00,San Antonio Spurs,Denver Nuggets,131 - 136,Final
19,12/03/2026,20:30,Oklahoma City Thunder,Boston Celtics,104 - 102,Final
19,12/03/2026,21:30,Los Angeles Lakers,Chicago Bulls,142 - 130,Final
19,13/03/2026,18:30,Detroit Pistons,Memphis Grizzlies,126 - 110,Final
19,13/03/2026,18:30,Indiana Pacers,New York Knicks,92 - 101,Final
19,13/03/2026,18:30,Toronto Raptors,Phoenix Suns,122 - 115,Final
19,13/03/2026,18:30,Dallas Mavericks,Cleveland Cavaliers,105 - 138,Final
19,13/03/2026,19:00,Houston Rockets,New Orleans Pelicans,107 - 105,Final
19,13/03/2026,21:00,Golden State Warriors,Minnesota Timberwolves,117 - 127,Final
19,13/03/2026,21:00,Portland Trail Blazers,Utah Jazz,124 - 114,Final
19,13/03/2026,21:30,LA Clippers,Chicago Bulls,119 - 108,Final
19,14/03/2026,12:00,Philadelphia 76ers,Brooklyn Nets,104 - 97,Final
19,14/03/2026,14:00,Atlanta Hawks,Milwaukee Bucks,122 - 99,Final
19,14/03/2026,14:30,San Antonio Spurs,Charlotte Hornets,115 - 102,Final
19,14/03/2026,17:00,Boston Celtics,Washington Wizards,111 - 100,Final
19,14/03/2026,19:00,Miami Heat,Orlando Magic,117 - 121,Final
19,14/03/2026,19:30,Los Angeles Lakers,Denver Nuggets,127 - 125,Final
19,14/03/2026,21:30,LA Clippers,Sacramento Kings,109 - 118,Final
19,15/03/2026,12:00,Oklahoma City Thunder,Minnesota Timberwolves,116 - 103,Final
19,15/03/2026,14:30,Cleveland Cavaliers,Dallas Mavericks,120 - 130,Final
19,15/03/2026,14:30,Toronto Raptors,Detroit Pistons,119 - 108,Final
19,15/03/2026,14:30,Milwaukee Bucks,Indiana Pacers,134 - 123,Final
19,15/03/2026,17:00,Philadelphia 76ers,Portland Trail Blazers,109 - 103,Final
19,15/03/2026,19:00,New York Knicks,Golden State Warriors,110 - 107,Final
19,15/03/2026,21:00,Sacramento Kings,Utah Jazz,116 - 111,Final
19,16/03/2026,18:00,Atlanta Hawks,Orlando Magic,124 - 112,Final
19,16/03/2026,18:00,Washington Wizards,Golden State Warriors,117 - 125,Final
19,16/03/2026,18:30,Brooklyn Nets,Portland Trail Blazers,95 - 114,Final
19,16/03/2026,18:30,Boston Celtics,Phoenix Suns,120 - 112,Final
19,16/03/2026,19:00,Chicago Bulls,Memphis Grizzlies,132 - 107,Final
19,16/03/2026,19:00,New Orleans Pelicans,Dallas Mavericks,129 - 111,Final
19,16/03/2026,20:30,Houston Rockets,Los Angeles Lakers,92 - 100,Final
19,16/03/2026,21:00,LA Clippers,San Antonio Spurs,115 - 119,Final
19,17/03/2026,18:00,Charlotte Hornets,Miami Heat,136 - 106,Final
19,17/03/2026,18:00,Orlando Magic,Oklahoma City Thunder,108 - 113,Final
19,17/03/2026,18:00,Washington Wizards,Detroit Pistons,117 - 130,Final
19,17/03/2026,18:30,New York Knicks,Indiana Pacers,136 - 110,Final
19,17/03/2026,19:00,Milwaukee Bucks,Cleveland Cavaliers,116 - 123,Final
19,17/03/2026,19:00,Minnesota Timberwolves,Phoenix Suns,116 - 104,Final
19,17/03/2026,21:00,Denver Nuggets,Philadelphia 76ers,124 - 96,Final
19,17/03/2026,21:00,Sacramento Kings,San Antonio Spurs,104 - 132,Final
20,18/03/2026,18:00,Boston Celtics,Golden State Warriors,120 - 99,Final
20,18/03/2026,18:30,Brooklyn Nets,Oklahoma City Thunder,92 - 121,Final
20,18/03/2026,18:30,Indiana Pacers,Portland Trail Blazers,119 - 127,Final
20,18/03/2026,19:00,Chicago Bulls,Toronto Raptors,109 - 139,Final
20,18/03/2026,19:00,Minnesota Timberwolves,Utah Jazz,147 - 111,Final
20,18/03/2026,19:00,New Orleans Pelicans,LA Clippers,124 - 109,Final
20,18/03/2026,19:30,Memphis Grizzlies,Denver Nuggets,125 - 118,Final
20,18/03/2026,19:30,Dallas Mavericks,Atlanta Hawks,120 - 135,Final
20,18/03/2026,20:30,Houston Rockets,Los Angeles Lakers,116 - 124,Final
20,19/03/2026,18:00,Charlotte Hornets,Orlando Magic,130 - 111,Final
20,19/03/2026,18:00,Washington Wizards,Detroit Pistons,95 - 117,Final
20,19/03/2026,19:00,Miami Heat,Los Angeles Lakers,126 - 134,Final
20,19/03/2026,19:00,Chicago Bulls,Cleveland Cavaliers,110 - 115,Final
20,19/03/2026,19:00,New Orleans Pelicans,LA Clippers,105 - 99,Final
20,19/03/2026,19:00,San Antonio Spurs,Phoenix Suns,101 - 100,Final
20,19/03/2026,20:00,Utah Jazz,Milwaukee Bucks,128 - 96,Final
20,19/03/2026,21:00,Sacramento Kings,Philadelphia 76ers,118 - 139,Final
20,20/03/2026,18:30,Brooklyn Nets,New York Knicks,92 - 93,Final
20,20/03/2026,18:30,Detroit Pistons,Golden State Warriors,115 - 101,Final
20,20/03/2026,19:00,Houston Rockets,Atlanta Hawks,117 - 95,Final
20,20/03/2026,19:00,Memphis Grizzlies,Boston Celtics,112 - 117,Final
20,20/03/2026,19:00,Minnesota Timberwolves,Portland Trail Blazers,104 - 108,Final
20,20/03/2026,20:00,Denver Nuggets,Toronto Raptors,121 - 115,Final
20,21/03/2026,16:00,Washington Wizards,Oklahoma City Thunder,111 - 132,Final
20,21/03/2026,18:00,Charlotte Hornets,Memphis Grizzlies,124 - 101,Final
20,21/03/2026,18:00,Orlando Magic,Los Angeles Lakers,104 - 105,Final
20,21/03/2026,18:00,New Orleans Pelicans,Cleveland Cavaliers,106 - 111,Final
20,21/03/2026,19:00,Atlanta Hawks,Golden State Warriors,126 - 110,Final
20,21/03/2026,19:00,Houston Rockets,Miami Heat,123 - 122,Final
20,21/03/2026,19:00,San Antonio Spurs,Indiana Pacers,134 - 119,Final
20,21/03/2026,19:30,Dallas Mavericks,LA Clippers,131 - 138,Final
20,21/03/2026,20:30,Utah Jazz,Philadelphia 76ers,116 - 126,Final
20,21/03/2026,21:00,Phoenix Suns,Milwaukee Bucks,105 - 108,Final
20,22/03/2026,16:00,Denver Nuggets,Portland Trail Blazers,128 - 112,Final
20,22/03/2026,17:00,Sacramento Kings,Brooklyn Nets,126 - 122,Final
20,22/03/2026,18:30,New York Knicks,Washington Wizards,145 - 113,Final
20,22/03/2026,19:00,Boston Celtics,Minnesota Timberwolves,92 - 102,Final
20,22/03/2026,20:00,Phoenix Suns,Toronto Raptors,120 - 98,Final
20,23/03/2026,18:00,Detroit Pistons,Los Angeles Lakers,113 - 110,Final
20,23/03/2026,18:00,Orlando Magic,Indiana Pacers,126 - 128,Final
20,23/03/2026,18:00,Philadelphia 76ers,Oklahoma City Thunder,103 - 123,Final
20,23/03/2026,18:00,Miami Heat,San Antonio Spurs,111 - 136,Final
20,23/03/2026,18:30,Atlanta Hawks,Memphis Grizzlies,146 - 107,Final
20,23/03/2026,19:00,Chicago Bulls,Houston Rockets,132 - 124,Final
20,23/03/2026,20:00,Utah Jazz,Toronto Raptors,127 - 143,Final
20,23/03/2026,20:30,Dallas Mavericks,Golden State Warriors,131 - 137,Final
20,23/03/2026,21:00,Portland Trail Blazers,Brooklyn Nets,134 - 99,Final
20,23/03/2026,21:30,LA Clippers,Milwaukee Bucks,129 - 96,Final
20,24/03/2026,18:00,Charlotte Hornets,Sacramento Kings,134 - 90,Final
20,24/03/2026,18:30,New York Knicks,New Orleans Pelicans,121 - 116,Final
20,24/03/2026,19:00,Cleveland Cavaliers,Orlando Magic,136 - 131,Final
20,24/03/2026,22:00,Phoenix Suns,Denver Nuggets,123 - 125,Final
21,25/03/2026,18:00,Detroit Pistons,Atlanta Hawks,129 - 130,Final
21,25/03/2026,18:00,Indiana Pacers,Los Angeles Lakers,130 - 137,Final
21,25/03/2026,18:00,Philadelphia 76ers,Chicago Bulls,157 - 137,Final
21,25/03/2026,18:30,Boston Celtics,Oklahoma City Thunder,119 - 109,Final
21,25/03/2026,18:30,Cleveland Cavaliers,Miami Heat,103 - 120,Final
21,25/03/2026,19:00,Memphis Grizzlies,San Antonio Spurs,98 - 123,Final
21,25/03/2026,20:00,Utah Jazz,Washington Wizards,110 - 133,Final
21,25/03/2026,20:30,Minnesota Timberwolves,Houston Rockets,110 - 108,Final
21,25/03/2026,21:00,Denver Nuggets,Dallas Mavericks,142 - 135,Final
21,25/03/2026,21:00,Golden State Warriors,Brooklyn Nets,109 - 106,Final
21,25/03/2026,21:00,Portland Trail Blazers,Milwaukee Bucks,130 - 99,Final
21,25/03/2026,21:30,LA Clippers,Toronto Raptors,119 - 94,Final
21,26/03/2026,18:00,Charlotte Hornets,New York Knicks,114 - 103,Final
21,26/03/2026,18:00,Detroit Pistons,New Orleans Pelicans,129 - 108,Final
21,26/03/2026,18:00,Orlando Magic,Sacramento Kings,121 - 117,Final
21,27/03/2026,18:00,Indiana Pacers,LA Clippers,113 - 114,Final
21,27/03/2026,18:30,Boston Celtics,Atlanta Hawks,109 - 102,Final
21,27/03/2026,18:30,Cleveland Cavaliers,Miami Heat,149 - 128,Final
21,27/03/2026,19:00,Memphis Grizzlies,Houston Rockets,109 - 119,Final
21,27/03/2026,19:00,Oklahoma City Thunder,Chicago Bulls,131 - 113,Final
21,27/03/2026,19:30,Toronto Raptors,New Orleans Pelicans,119 - 106,Final
21,27/03/2026,20:00,Denver Nuggets,Utah Jazz,135 - 129,Final
21,27/03/2026,21:00,Golden State Warriors,Washington Wizards,131 - 126,Final
21,27/03/2026,21:00,Portland Trail Blazers,Dallas Mavericks,93 - 100,Final
21,27/03/2026,21:30,Los Angeles Lakers,Brooklyn Nets,116 - 99,Final
21,28/03/2026,14:00,Milwaukee Bucks,San Antonio Spurs,95 - 127,Final
21,28/03/2026,16:30,Minnesota Timberwolves,Detroit Pistons,87 - 109,Final
21,28/03/2026,17:00,Charlotte Hornets,Philadelphia 76ers,114 - 118,Final
21,28/03/2026,18:30,Atlanta Hawks,Sacramento Kings,123 - 113,Final
21,28/03/2026,19:00,Memphis Grizzlies,Chicago Bulls,125 - 124,Final
21,28/03/2026,21:00,Phoenix Suns,Utah Jazz,134 - 109,Final
21,29/03/2026,14:30,Milwaukee Bucks,LA Clippers,113 - 127,Final
21,29/03/2026,16:00,Indiana Pacers,Miami Heat,135 - 118,Final
21,29/03/2026,17:00,Brooklyn Nets,Sacramento Kings,116 - 99,Final
21,29/03/2026,17:00,Charlotte Hornets,Boston Celtics,99 - 144,Final
21,29/03/2026,17:00,Toronto Raptors,Orlando Magic,139 - 87,Final
21,29/03/2026,17:00,Portland Trail Blazers,Washington Wizards,123 - 88,Final
21,29/03/2026,18:00,New Orleans Pelicans,Houston Rockets,102 - 134,Final
21,29/03/2026,18:30,Oklahoma City Thunder,New York Knicks,111 - 100,Final
21,29/03/2026,21:00,Denver Nuggets,Golden State Warriors,116 - 93,Final
21,30/03/2026,18:00,Miami Heat,Philadelphia 76ers,119 - 109,Final
21,30/03/2026,18:30,Atlanta Hawks,Boston Celtics,112 - 102,Final
21,30/03/2026,19:00,Memphis Grizzlies,Phoenix Suns,105 - 131,Final
21,30/03/2026,19:00,San Antonio Spurs,Chicago Bulls,129 - 114,Final
21,30/03/2026,19:30,Dallas Mavericks,Minnesota Timberwolves,94 - 124,Final
21,30/03/2026,20:00,Utah Jazz,Cleveland Cavaliers,113 - 122,Final
21,30/03/2026,20:30,Oklahoma City Thunder,Detroit Pistons,114 - 110,Final
21,30/03/2026,21:00,Los Angeles Lakers,Washington Wizards,120 - 101,Final
21,31/03/2026,18:00,Orlando Magic,Phoenix Suns,115 - 111,Final
21,31/03/2026,18:30,Brooklyn Nets,Charlotte Hornets,86 - 117,Final
21,31/03/2026,19:00,Milwaukee Bucks,Dallas Mavericks,123 - 99,Final
21,31/03/2026,19:00,Detroit Pistons,Toronto Raptors,127 - 116,Final
21,31/03/2026,19:00,Houston Rockets,New York Knicks,111 - 94,Final
21,31/03/2026,21:30,Los Angeles Lakers,Cleveland Cavaliers,127 - 113,Final
21,31/03/2026,22:00,LA Clippers,Portland Trail Blazers,104 - 114,Final
22,01/04/2026,18:00,Washington Wizards,Philadelphia 76ers,131 - 153,Final
22,01/04/2026,18:00,Orlando Magic,Atlanta Hawks,101 - 130,Final
22,01/04/2026,18:30,Miami Heat,Boston Celtics,129 - 147,Final
22,01/04/2026,19:00,Memphis Grizzlies,New York Knicks,119 - 130,Final
22,01/04/2026,19:00,Toronto Raptors,Sacramento Kings,115 - 123,Final
22,01/04/2026,19:00,Chicago Bulls,Indiana Pacers,126 - 145,Final
22,01/04/2026,19:00,Houston Rockets,Milwaukee Bucks,119 - 113,Final
22,01/04/2026,20:00,Utah Jazz,Denver Nuggets,117 - 130,Final
22,01/04/2026,21:00,Golden State Warriors,San Antonio Spurs,113 - 127,Final
22,02/04/2026,18:00,Charlotte Hornets,Phoenix Suns,127 - 107,Final
22,02/04/2026,18:00,Detroit Pistons,Minnesota Timberwolves,113 - 108,Final
22,02/04/2026,20:30,Oklahoma City Thunder,Los Angeles Lakers,139 - 96,Final
22,02/04/2026,21:00,Golden State Warriors,Cleveland Cavaliers,111 - 118,Final
22,02/04/2026,21:00,Portland Trail Blazers,New Orleans Pelicans,118 - 106,Final
22,02/04/2026,21:30,LA Clippers,San Antonio Spurs,99 - 118,Final
22,03/04/2026,18:00,Charlotte Hornets,Indiana Pacers,,
22,03/04/2026,18:00,Philadelphia 76ers,Minnesota Timberwolves,,
22,03/04/2026,18:30,Brooklyn Nets,Atlanta Hawks,,
22,03/04/2026,18:30,New York Knicks,Chicago Bulls,,
22,03/04/2026,19:00,Houston Rockets,Utah Jazz,,
22,03/04/2026,19:00,Memphis Grizzlies,Toronto Raptors,,
22,03/04/2026,19:00,Milwaukee Bucks,Boston Celtics,,
22,03/04/2026,19:30,Dallas Mavericks,Orlando Magic,,
22,03/04/2026,21:00,Sacramento Kings,New Orleans Pelicans,,
22,04/04/2026,14:00,Miami Heat,Washington Wizards,,
22,04/04/2026,14:00,Denver Nuggets,San Antonio Spurs,,
22,04/04/2026,18:00,Philadelphia 76ers,Detroit Pistons,,
22,05/04/2026,14:30,Boston Celtics,Toronto Raptors,,
22,05/04/2026,14:30,Brooklyn Nets,Washington Wizards,,
22,05/04/2026,14:30,Chicago Bulls,Phoenix Suns,,
22,05/04/2026,14:30,Milwaukee Bucks,Memphis Grizzlies,,
22,05/04/2026,17:00,Cleveland Cavaliers,Indiana Pacers,,
22,05/04/2026,18:00,Minnesota Timberwolves,Charlotte Hornets,,
22,05/04/2026,18:00,New Orleans Pelicans,Orlando Magic,,
22,05/04/2026,18:00,Oklahoma City Thunder,Utah Jazz,,
22,05/04/2026,18:30,Dallas Mavericks,Los Angeles Lakers,,
22,05/04/2026,20:00,Sacramento Kings,LA Clippers,,
22,05/04/2026,21:00,Golden State Warriors,Houston Rockets,,
22,06/04/2026,18:00,Atlanta Hawks,New York Knicks,,
22,06/04/2026,18:00,Orlando Magic,Detroit Pistons,,
22,06/04/2026,19:00,Memphis Grizzlies,Cleveland Cavaliers,,
22,06/04/2026,19:00,San Antonio Spurs,Philadelphia 76ers,,
22,06/04/2026,20:00,Denver Nuggets,Portland Trail Blazers,,
22,07/04/2026,18:00,Washington Wizards,Chicago Bulls,,
22,07/04/2026,18:00,Indiana Pacers,Minnesota Timberwolves,,
22,07/04/2026,18:30,Brooklyn Nets,Milwaukee Bucks,,
22,07/04/2026,18:30,Toronto Raptors,Miami Heat,,
22,07/04/2026,19:00,Boston Celtics,Charlotte Hornets,,
22,07/04/2026,19:00,New Orleans Pelicans,Utah Jazz,,
22,07/04/2026,21:00,Golden State Warriors,Sacramento Kings,,
22,07/04/2026,21:30,Los Angeles Lakers,Oklahoma City Thunder,,
22,07/04/2026,21:30,LA Clippers,Dallas Mavericks,,
22,07/04/2026,22:00,Phoenix Suns,Houston Rockets,,
23,08/04/2026,18:00,Cleveland Cavaliers,Atlanta Hawks,,
23,08/04/2026,18:00,Orlando Magic,Minnesota Timberwolves,,
23,08/04/2026,18:00,Detroit Pistons,Milwaukee Bucks,,
23,08/04/2026,20:00,Denver Nuggets,Memphis Grizzlies,,
23,08/04/2026,20:30,San Antonio Spurs,Portland Trail Blazers,,
23,08/04/2026,21:00,LA Clippers,Oklahoma City Thunder,,
23,08/04/2026,21:00,Phoenix Suns,Dallas Mavericks,,
23,09/04/2026,18:00,Toronto Raptors,Miami Heat,,
23,09/04/2026,18:00,Washington Wizards,Chicago Bulls,,
23,09/04/2026,18:30,Brooklyn Nets,Indiana Pacers,,
23,09/04/2026,18:30,New York Knicks,Boston Celtics,,
23,09/04/2026,19:00,Houston Rockets,Philadelphia 76ers,,
23,09/04/2026,21:00,Golden State Warriors,Los Angeles Lakers,,
23,10/04/2026,18:00,Charlotte Hornets,Detroit Pistons,,
23,10/04/2026,18:00,Washington Wizards,Miami Heat,,
23,10/04/2026,18:00,Atlanta Hawks,Cleveland Cavaliers,,
23,10/04/2026,18:30,Boston Celtics,New Orleans Pelicans,,
23,10/04/2026,18:30,Indiana Pacers,Philadelphia 76ers,,
23,10/04/2026,18:30,New York Knicks,Toronto Raptors,,
23,10/04/2026,19:00,Chicago Bulls,Orlando Magic,,
23,10/04/2026,19:00,Milwaukee Bucks,Brooklyn Nets,,
23,10/04/2026,19:00,San Antonio Spurs,Dallas Mavericks,,
23,10/04/2026,20:00,Denver Nuggets,Oklahoma City Thunder,,
23,10/04/2026,20:30,Houston Rockets,Minnesota Timberwolves,,
23,10/04/2026,20:30,Utah Jazz,Memphis Grizzlies,,
23,10/04/2026,21:00,Portland Trail Blazers,LA Clippers,,
23,10/04/2026,21:00,Sacramento Kings,Golden State Warriors,,
23,10/04/2026,21:30,Los Angeles Lakers,Phoenix Suns,,
23,12/04/2026,17:00,Boston Celtics,Orlando Magic,,
23,12/04/2026,17:00,Cleveland Cavaliers,Washington Wizards,,
23,12/04/2026,17:00,Indiana Pacers,Detroit Pistons,,
23,12/04/2026,17:00,Miami Heat,Atlanta Hawks,,
23,12/04/2026,17:00,New York Knicks,Charlotte Hornets,,
23,12/04/2026,17:00,Philadelphia 76ers,Milwaukee Bucks,,
23,12/04/2026,17:00,Toronto Raptors,Brooklyn Nets,,
23,12/04/2026,19:30,Dallas Mavericks,Chicago Bulls,,
23,12/04/2026,19:30,Houston Rockets,Memphis Grizzlies,,
23,12/04/2026,19:30,Minnesota Timberwolves,New Orleans Pelicans,,
23,12/04/2026,19:30,Oklahoma City Thunder,Phoenix Suns,,
23,12/04/2026,19:30,San Antonio Spurs,Denver Nuggets,,
23,12/04/2026,19:30,Los Angeles Lakers,Utah Jazz,,
23,12/04/2026,19:30,LA Clippers,Golden State Warriors,,
23,12/04/2026,19:30,Portland Trail Blazers,Sacramento Kings,,
